Date,MC.PA,SAN.PA,TTE.PA
2019-01-02,222.20870971679688,54.233619689941406,29.159990310668945
2019-01-03,213.74319458007812,53.70136642456055,28.90998649597168
2019-01-04,220.32260131835938,54.19047546386719,29.63187599182129
2019-01-07,219.92782592773438,53.11155700683594,29.563119888305664
2019-01-08,226.81427001953125,53.52873992919922,29.50061798095703
2019-01-09,229.44602966308594,53.32014846801758,29.89437484741211
2019-01-10,227.3406219482422,53.35611343383789,29.750621795654297
2019-01-11,226.594970703125,53.32014846801758,29.241252899169922
2019-01-14,220.80508422851562,52.43544387817383,29.406871795654297
2019-01-15,220.01553344726562,53.363304138183594,29.366247177124023
2019-01-16,218.39263916015625,53.44961929321289,29.406871795654297
2019-01-17,216.28720092773438,53.018043518066406,29.322486877441406
2019-01-18,222.29644775390625,52.44982147216797,29.86624526977539
2019-01-21,225.67385864257812,52.57209777832031,29.616243362426758
2019-01-22,225.5422821044922,52.6224479675293,29.381868362426758
2019-01-23,225.7615966796875,52.50016403198242,29.128742218017578
2019-01-24,226.2002410888672,52.48579025268555,29.381868362426758
2019-01-25,229.05126953125,52.70875930786133,29.656875610351562
2019-01-28,226.90200805664062,52.7375373840332,29.178735733032227
2019-01-29,227.8669891357422,53.6653938293457,29.525625228881836
2019-01-30,243.52601623535156,53.70136642456055,29.388113021850586
2019-01-31,245.41209411621094,54.53572463989258,29.988130569458008
2019-02-01,249.7106475830078,54.233619689941406,30.131877899169922
2019-02-04,247.9122772216797,54.70835876464844,30.056880950927734
2019-02-05,255.4127655029297,55.269386291503906,30.563148498535156
2019-02-06,252.7372283935547,54.6939697265625,30.488142013549805
2019-02-07,248.61407470703125,53.82364273071289,30.028751373291016
2019-02-08,248.74563598632812,54.1329345703125,30.269386291503906
2019-02-11,252.91262817382812,54.19047546386719,30.450645446777344
2019-02-12,258.6147766113281,54.32713317871094,30.497514724731445
2019-02-13,258.4832458496094,53.14032745361328,30.569385528564453
2019-02-14,255.14964294433594,52.787872314453125,30.61626625061035
2019-02-15,258.0884094238281,54.11854934692383,31.060035705566406
2019-02-18,258.87799072265625,54.226436614990234,30.94440460205078
2019-02-19,260.76409912109375,53.708560943603516,30.94440460205078
2019-02-20,260.1938781738281,53.370487213134766,31.019399642944336
2019-02-21,260.50091552734375,52.57929611206055,31.08502769470215
2019-02-22,262.95721435546875,52.19807434082031,31.222532272338867
2019-02-25,265.72052001953125,52.320350646972656,30.94440460205078
2019-02-26,266.9049377441406,52.320350646972656,31.063154220581055
2019-02-27,265.2819519042969,52.31315612792969,31.26315689086914
2019-02-28,264.93109130859375,52.86700439453125,31.244407653808594
2019-03-01,268.9663391113281,53.22663879394531,31.17253303527832
2019-03-04,270.1945495605469,53.967498779296875,31.481914520263672
2019-03-05,271.0718688964844,54.974491119384766,31.781911849975586
2019-03-06,269.22955322265625,55.0823860168457,31.888168334960938
2019-03-07,268.4839172363281,55.12553787231445,31.888168334960938
2019-03-08,268.2646179199219,55.226234436035156,31.4569091796875
2019-03-11,268.79095458984375,55.35570526123047,31.72567367553711
2019-03-12,270.72088623046875,55.67219161987305,31.663171768188477
2019-03-13,272.3876953125,55.95989990234375,32.00692367553711
2019-03-14,276.8616638183594,56.35550308227539,32.15692138671875
2019-03-15,279.4934997558594,57.21863555908203,32.313175201416016
2019-03-18,278.2214660644531,56.98128890991211,32.669429779052734
2019-03-19,280.9848327636719,57.21863555908203,32.612483978271484
2019-03-20,279.142578125,57.11075210571289,31.865833282470703
2019-03-21,278.7916259765625,57.35530090332031,31.9417667388916
2019-03-22,274.9756164550781,56.32672882080078,31.277372360229492
2019-03-25,278.7039794921875,56.07497787475586,31.163463592529297
2019-03-26,283.17791748046875,56.34112548828125,31.375444412231445
2019-03-27,283.265625,55.88077926635742,31.23307228088379
2019-03-28,284.318359375,56.61444091796875,31.19194984436035
2019-03-29,287.6519470214844,56.636016845703125,31.33431053161621
2019-04-01,292.3452453613281,56.71514129638672,31.638031005859375
2019-04-02,293.4417419433594,56.99566650390625,31.625375747680664
2019-04-03,293.0031433105469,56.61444091796875,31.638031005859375
2019-04-04,292.6083679199219,56.513755798339844,31.55577850341797
2019-04-05,294.80157470703125,56.456214904785156,31.821531295776367
2019-04-08,291.2486572265625,56.456214904785156,32.0177001953125
2019-04-09,287.1255798339844,56.28357696533203,31.783571243286133
2019-04-10,289.2748718261719,56.07497787475586,31.87215805053711
2019-04-11,302.60919189453125,55.48517608642578,31.688657760620117
2019-04-12,300.810791015625,54.233619689941406,31.631711959838867
2019-04-15,300.8546447753906,53.94591522216797,31.682327270507812
2019-04-16,303.79339599609375,54.01784896850586,31.356460571289062
2019-04-17,307.784912109375,52.550514221191406,31.69498634338379
2019-04-18,309.05694580078125,52.413856506347656,31.827865600585938
2019-04-23,306.2497253417969,53.34892272949219,32.41000747680664
2019-04-24,307.8727111816406,53.47119140625,31.663339614868164
2019-04-25,308.67132568359375,52.953311920166016,31.577919006347656
2019-04-26,307.428955078125,54.80904769897461,31.223583221435547
2019-04-29,306.4529113769531,55.7369270324707,30.749004364013672
2019-04-30,309.736083984375,55.7369270324707,31.35013198852539
2019-05-02,311.4665222167969,55.40605163574219,31.245723724365234
2019-05-03,315.0603332519531,55.83042907714844,31.11284637451172
2019-05-06,305.60986328125,55.17588806152344,30.366186141967773
2019-05-07,297.31298828125,54.83063507080078,29.5530948638916
2019-05-08,301.35052490234375,54.902557373046875,29.72709846496582
2019-05-09,294.4733581542969,55.00508499145508,29.489816665649414
2019-05-10,295.9818420410156,54.51035690307617,29.657495498657227
2019-05-13,287.2857666015625,54.69025802612305,29.65433692932129
2019-05-14,296.6474609375,55.02007293701172,29.99286460876465
2019-05-15,299.17645263671875,55.334903717041016,30.201671600341797
2019-05-16,302.7702331542969,56.24940490722656,30.75533103942871
2019-05-17,302.459716796875,56.39183044433594,31.11284637451172
2019-05-20,292.8761291503906,55.72468566894531,31.14765167236328
2019-05-21,297.4017028808594,55.432350158691406,31.489334106445312
2019-05-22,298.4222106933594,56.14446258544922,31.008441925048828
2019-05-23,296.3812255859375,56.14446258544922,29.986528396606445
2019-05-24,298.59967041015625,56.339359283447266,30.090930938720703
2019-05-27,300.5074462890625,56.64669418334961,30.277591705322266
2019-05-28,304.0126037597656,55.64973068237305,30.06879234313965
2019-05-29,300.1081848144531,54.91513442993164,29.635353088378906
2019-05-30,303.1695251464844,54.8626594543457,29.638521194458008
2019-05-31,300.463134765625,54.150550842285156,29.511962890625
2019-06-03,302.1491394042969,55.282432556152344,29.556249618530273
2019-06-04,303.5688781738281,55.22996520996094,29.878955841064453
2019-06-05,310.1355285644531,55.252445220947266,29.66065788269043
2019-06-06,310.8897705078125,56.234413146972656,29.89162254333496
2019-06-07,316.8351135253906,58.708072662353516,30.242799758911133
2019-06-10,317.8555603027344,57.94348907470703,30.530704498291016
2019-06-11,319.09783935546875,57.04397964477539,30.95393943786621
2019-06-12,316.61322021484375,57.39628601074219,30.10746192932129
2019-06-13,315.2378234863281,56.95402526855469,30.1267032623291
2019-06-14,314.1286315917969,56.95402526855469,30.299856185913086
2019-06-17,317.94427490234375,56.57173156738281,30.2357234954834
2019-06-18,327.2616882324219,58.0709114074707,30.90264320373535
2019-06-19,324.77703857421875,58.37825393676758,30.982797622680664
2019-06-20,328.3265686035156,58.715572357177734,31.2232723236084
2019-06-21,326.8179931640625,58.22834014892578,31.495813369750977
2019-06-24,329.4356994628906,57.80855941772461,31.42207145690918
2019-06-25,329.8350524902344,57.75608444213867,31.38678550720215
2019-06-26,326.1968688964844,56.90904998779297,31.755525588989258
2019-06-27,326.8623352050781,56.729148864746094,31.502222061157227
2019-06-28,332.1421813964844,56.901554107666016,31.598419189453125
2019-07-01,332.408447265625,57.59117889404297,31.919038772583008
2019-07-02,334.98187255859375,57.78606414794922,31.8004093170166
2019-07-03,337.2001953125,58.64810562133789,31.495813369750977
2019-07-04,338.3981628417969,58.44571304321289,31.713850021362305
2019-07-05,337.9101257324219,58.31828689575195,31.68819236755371
2019-07-08,339.86236572265625,57.69611740112305,31.87095832824707
2019-07-09,339.86236572265625,58.08591079711914,31.74911880493164
2019-07-10,338.08758544921875,57.38130187988281,31.909421920776367
2019-07-11,339.9510192871094,56.29438781738281,31.97355842590332
2019-07-12,340.74969482421875,55.095035552978516,31.979970932006836
2019-07-15,337.24456787109375,55.31241989135742,32.12105941772461
2019-07-16,341.90325927734375,55.7097053527832,32.040897369384766
2019-07-17,339.59613037109375,55.657222747802734,31.15914535522461
2019-07-18,339.7292175292969,55.46983337402344,30.800033569335938
2019-07-19,339.2411804199219,55.89710235595703,30.9090576171875
2019-07-22,341.4595642089844,56.526756286621094,30.905839920043945
2019-07-23,340.12847900390625,56.864070892333984,31.33228874206543
2019-07-24,337.4664306640625,56.76663589477539,31.069372177124023
2019-07-25,333.78387451171875,56.51925277709961,30.7294979095459
2019-07-26,342.1695251464844,56.93153381347656,30.800033569335938
2019-07-29,336.0910339355469,57.79356384277344,30.819272994995117
2019-07-30,332.3197021484375,56.65418243408203,30.29022789001465
2019-07-31,333.0295715332031,56.56423568725586,30.161977767944336
2019-08-01,336.4015808105469,56.586727142333984,29.850963592529297
2019-08-02,318.0330505371094,55.634742736816406,28.683856964111328
2019-08-05,304.58941650390625,54.233009338378906,28.30230140686035
2019-08-06,310.97845458984375,54.150550842285156,27.92395782470703
2019-08-07,317.36749267578125,54.48786544799805,27.68988609313965
2019-08-08,326.77362060546875,55.92707824707031,28.15802001953125
2019-08-09,323.31292724609375,55.282432556152344,27.888683319091797
2019-08-12,316.3913879394531,55.334903717041016,27.72195816040039
2019-08-13,319.05352783203125,56.51925277709961,28.356813430786133
2019-08-14,308.9374694824219,56.541748046875,27.984878540039062
2019-08-15,306.763427734375,56.09199523925781,27.7668514251709
2019-08-16,309.2037048339844,56.96152877807617,27.72517204284668
2019-08-19,316.65765380859375,57.89850997924805,28.311920166015625
2019-08-20,315.63714599609375,57.763587951660156,28.00090789794922
2019-08-21,327.5279541015625,58.41573715209961,28.462617874145508
2019-08-22,320.428955078125,57.73359298706055,28.469036102294922
2019-08-23,315.45965576171875,57.51621627807617,27.94639778137207
2019-08-26,313.7736511230469,57.68113327026367,28.113134384155273
2019-08-27,319.3197326660156,58.370758056640625,28.19329071044922
2019-08-28,315.77032470703125,58.07841491699219,28.4177188873291
2019-08-29,320.6507873535156,58.48318862915039,28.856996536254883
2019-08-30,321.5824890136719,58.55815505981445,29.10709571838379
2019-09-02,322.02618408203125,59.61507034301758,29.036558151245117
2019-09-03,315.5927429199219,60.75444793701172,28.71271324157715
2019-09-04,326.9954833984375,60.791934967041016,29.116714477539062
2019-09-05,334.0056457519531,60.859405517578125,29.64255142211914
2019-09-06,337.111572265625,61.15924072265625,29.357187271118164
2019-09-09,336.26849365234375,59.41268539428711,29.70667266845703
2019-09-10,331.1217346191406,59.03789138793945,30.380008697509766
2019-09-11,335.5586242675781,59.33772277832031,30.23251724243164
2019-09-12,336.93402099609375,59.79498291015625,29.870206832885742
2019-09-13,338.9749450683594,59.61507034301758,29.91509437561035
2019-09-16,325.753173828125,59.28525161743164,30.66216468811035
2019-09-17,325.8419494628906,59.967384338378906,30.687816619873047
2019-09-18,323.62347412109375,60.13228988647461,30.79363441467285
2019-09-19,325.93060302734375,61.03181076049805,30.886606216430664
2019-09-20,328.3708801269531,62.45602798461914,31.72987174987793
2019-09-23,325.1763916015625,62.733375549316406,31.20724105834961
2019-09-24,328.3708801269531,63.78281784057617,30.617271423339844
2019-09-25,320.51763916015625,63.617897033691406,30.26137351989746
2019-09-26,320.25146484375,63.902748107910156,30.383209228515625
2019-09-27,319.5859069824219,63.760311126708984,30.948993682861328
2019-09-30,323.5790100097656,63.760311126708984,31.14084243774414
2019-10-01,316.8794860839844,62.635929107666016,30.786418914794922
2019-10-02,305.2550048828125,60.46961212158203,29.5605525970459
2019-10-03,307.73956298828125,60.86689376831055,29.20612907409668
2019-10-04,310.2242431640625,61.61649703979492,29.2646541595459
2019-10-07,313.951171875,61.69144058227539,29.404481887817383
2019-10-08,311.5108337402344,61.57152557373047,28.91996955871582
2019-10-09,316.7906799316406,61.354129791259766,29.186613082885742
2019-10-10,334.4049987792969,61.399105072021484,29.456501007080078
2019-10-11,335.6029357910156,61.504051208496094,30.184871673583984
2019-10-14,336.53472900390625,61.02431869506836,29.810928344726562
2019-10-15,337.6439208984375,61.80388259887695,30.210874557495117
2019-10-16,335.5142517089844,61.97629928588867,30.178363800048828
2019-10-17,332.5415344238281,62.75586700439453,30.0548038482666
2019-10-18,332.8077392578125,62.06624221801758,30.132844924926758
2019-10-21,332.408447265625,62.06624221801758,30.227128982543945
2019-10-22,334.2275085449219,61.51903533935547,30.68560791015625
2019-10-23,332.7633972167969,61.4440803527832,30.773405075073242
2019-10-24,334.58251953125,62.6059455871582,30.89046287536621
2019-10-25,340.705322265625,62.51600646972656,31.01728057861328
2019-10-28,339.063720703125,62.50101852416992,31.118072509765625
2019-10-29,337.4220275878906,63.09318542480469,31.001022338867188
2019-10-30,341.1490478515625,63.700355529785156,30.997772216796875
2019-10-31,339.41864013671875,61.93131637573242,30.653106689453125
2019-11-01,345.4084167480469,61.14424133300781,31.053049087524414
2019-11-04,352.72918701171875,61.99127960205078,31.550548553466797
2019-11-05,355.16949462890625,62.03627014160156,32.06431579589844
2019-11-06,354.5483093261719,62.42605209350586,32.07732009887695
2019-11-07,358.4970397949219,61.73642349243164,32.2496452331543
2019-11-08,357.60968017578125,62.216163635253906,32.05780029296875
2019-11-11,357.8315734863281,62.34358596801758,32.13258743286133
2019-11-12,357.964599609375,62.8458251953125,32.15534973144531
2019-11-13,356.5892639160156,62.19367218017578,32.13258743286133
2019-11-14,358.2752380371094,61.22670364379883,31.91797637939453
2019-11-15,359.8281555175781,62.2761344909668,32.0447998046875
2019-11-18,356.94415283203125,63.27308654785156,31.882213592529297
2019-11-19,353.35040283203125,62.29862594604492,31.774911880493164
2019-11-20,353.35040283203125,62.12621307373047,31.70987319946289
2019-11-21,350.06707763671875,63.64039611816406,31.771665573120117
2019-11-22,351.6199645996094,62.96575164794922,31.934240341186523
2019-11-25,358.71893310546875,63.73783493041992,31.823680877685547
2019-11-26,361.4697570800781,63.340553283691406,31.29692268371582
2019-11-27,362.62335205078125,63.25060272216797,31.238388061523438
2019-11-28,360.9373779296875,63.31056594848633,31.209125518798828
2019-11-29,361.4254150390625,63.348052978515625,30.98151206970215
2019-12-02,351.88616943359375,61.856353759765625,30.617338180541992
2019-12-03,346.6950988769531,61.51903533935547,30.32793426513672
2019-12-04,351.39813232421875,62.883296966552734,30.701862335205078
2019-12-05,351.5756530761719,62.31361770629883,30.64984703063965
2019-12-06,358.13421630859375,62.635929107666016,31.18637466430664
2019-12-09,356.2602844238281,61.36162567138672,30.945755004882812
2019-12-10,354.0741271972656,64.95967864990234,30.984758377075195
2019-12-11,356.5726318359375,65.92664337158203,30.822185516357422
2019-12-12,355.32342529296875,66.3464126586914,30.971757888793945
2019-12-13,360.32037353515625,66.8261489868164,31.09857177734375
2019-12-16,365.5850830078125,67.91307830810547,31.39771842956543
2019-12-17,359.29425048828125,67.1634750366211,31.72613525390625
2019-12-18,357.68804931640625,67.46331024169922,31.612335205078125
2019-12-19,358.937255859375,67.53076934814453,31.8659610748291
2019-12-20,366.2989807128906,68.10795593261719,31.91148567199707
2019-12-23,369.2436218261719,67.99551391601562,32.09682083129883
2019-12-24,369.5113220214844,67.93556213378906,32.17485046386719
2019-12-25,369.5113220214844,67.93556213378906,32.17485046386719
2019-12-27,372.63446044921875,68.09297180175781,32.05454635620117
2019-12-30,369.95745849609375,67.2759017944336,31.986263275146484
2019-12-31,369.60052490234375,67.17845916748047,31.996017456054688
2020-01-02,374.0175476074219,67.62821960449219,32.39597702026367
2020-01-03,373.972900390625,68.0479965209961,32.763397216796875
2020-01-06,370.4482421875,68.47526550292969,33.23786163330078
2020-01-07,371.20672607421875,68.23539733886719,33.0203857421875
2020-01-08,373.70526123046875,68.46775817871094,33.10605239868164
2020-01-09,378.79144287109375,68.96249389648438,32.92155838012695
2020-01-10,378.0329895019531,69.50220489501953,32.80622863769531
2020-01-13,380.79925537109375,69.01496124267578,32.65797424316406
2020-01-14,384.59161376953125,68.41529083251953,32.39439010620117
2020-01-15,384.9931335449219,68.75260925292969,32.0121955871582
2020-01-16,385.3946228027344,68.67015075683594,32.15056610107422
2020-01-17,391.7747802734375,69.10491943359375,31.962772369384766
2020-01-20,383.4761657714844,68.88752746582031,32.00559616088867
2020-01-21,379.1930236816406,68.48275756835938,31.705772399902344
2020-01-22,377.85455322265625,66.61626434326172,31.49820327758789
2020-01-23,367.59283447265625,66.87112426757812,31.18191146850586
2020-01-24,371.47442626953125,66.7961654663086,31.22473907470703
2020-01-27,357.8219299316406,64.98963928222656,30.384571075439453
2020-01-28,367.6374816894531,65.71676635742188,30.625080108642578
2020-01-29,363.71124267578125,66.46634674072266,30.430694580078125
2020-01-30,355.9480285644531,65.85918426513672,29.60040283203125
2020-01-31,352.735595703125,65.17705535888672,29.0897159576416
2020-02-03,354.02947998046875,65.66429138183594,28.836015701293945
2020-02-04,366.38818359375,66.38390350341797,29.521337509155273
2020-02-05,370.31439208984375,67.41083526611328,29.93976593017578
2020-02-06,373.0359191894531,70.19931030273438,30.246187210083008
2020-02-07,369.3774719238281,70.1468505859375,29.824443817138672
2020-02-10,369.0205078125,70.06439208984375,29.373062133789062
2020-02-11,367.94976806640625,70.4092025756836,29.646541595458984
2020-02-12,378.9699401855469,69.65960693359375,29.97272300720215
2020-02-13,376.15911865234375,69.24734497070312,29.913408279418945
2020-02-14,370.269775390625,69.14240264892578,29.81785774230957
2020-02-17,369.77899169921875,69.19486236572266,29.788204193115234
2020-02-18,364.82659912109375,70.24430084228516,29.452144622802734
2020-02-19,373.92828369140625,70.461669921875,29.68606948852539
2020-02-20,365.67431640625,70.08687591552734,29.488380432128906
2020-02-21,360.94500732421875,69.95944213867188,29.188552856445312
2020-02-24,344.1246643066406,68.64017486572266,27.784976959228516
2020-02-25,339.1276550292969,67.79312896728516,27.109540939331055
2020-02-26,343.7677307128906,68.13794708251953,27.046939849853516
2020-02-27,330.0260009765625,66.2939453125,26.147462844848633
2020-02-28,330.9183044433594,62.91328430175781,25.29081916809082
2020-03-02,335.60302734375,64.15760803222656,25.7652645111084
2020-03-03,336.7183532714844,64.53240966796875,25.910234451293945
2020-03-04,343.72314453125,67.14847564697266,26.322092056274414
2020-03-05,334.2198791503906,67.06602478027344,25.732315063476562
2020-03-06,321.5488586425781,63.760311126708984,24.48029899597168
2020-03-09,301.6054992675781,59.914913177490234,20.414527893066406
2020-03-10,298.7500305175781,58.745548248291016,20.767070770263672
2020-03-11,294.6007080078125,59.69003677368164,20.404640197753906
2020-03-12,269.03564453125,55.05005645751953,17.383319854736328
2020-03-13,280.99285888671875,55.02757263183594,17.149385452270508
2020-03-16,265.5555419921875,57.418766021728516,16.035747528076172
2020-03-17,277.7358093261719,58.805519104003906,16.572799682617188
2020-03-18,256.9446716308594,57.04397964477539,14.361993789672852
2020-03-19,263.1909484863281,56.879066467285156,14.826563835144043
2020-03-20,277.5127258300781,55.35739517211914,16.47395896911621
2020-03-23,277.8696594238281,54.00812911987305,17.462392807006836
2020-03-24,302.63165283203125,56.0245361328125,20.081756591796875
2020-03-25,324.3597106933594,57.56869888305664,21.64678192138672
2020-03-26,324.5381774902344,58.24332809448242,21.745620727539062
2020-03-27,304.86236572265625,57.71860122680664,21.251401901245117
2020-03-30,312.3133239746094,60.349674224853516,22.597707748413086
2020-03-31,302.0069885253906,60.072330474853516,23.82284164428711
2020-04-01,289.6929016113281,59.17282485961914,23.694942474365234
2020-04-02,290.31756591796875,59.57759475708008,24.42194366455078
2020-04-03,290.04986572265625,60.9868278503418,22.570785522460938
2020-04-06,303.16705322265625,63.587913513183594,22.762630462646484
2020-04-07,307.4054870605469,62.96575164794922,23.065549850463867
2020-04-08,306.24554443359375,61.46657180786133,22.806385040283203
2020-04-09,309.9932861328125,61.56402587890625,22.634727478027344
2020-04-14,314.0979919433594,61.953800201416016,21.985137939453125
2020-04-15,305.1747741699219,62.0737419128418,20.655662536621094
2020-04-16,305.8886413574219,63.587913513183594,20.204648971557617
2020-04-17,319.4519958496094,64.8922119140625,20.88117027282715
2020-04-20,321.6381530761719,66.26396179199219,20.78019905090332
2020-04-21,312.3133239746094,66.0315933227539,19.99260711669922
2020-04-22,315.39190673828125,66.08406829833984,20.94512176513672
2020-04-23,311.1086730957031,66.63126373291016,21.823583602905273
2020-04-24,304.1485900878906,68.16793060302734,21.44662094116211
2020-04-27,313.1611022949219,70.01192474365234,21.709142684936523
2020-04-28,318.5595703125,69.10491943359375,22.076013565063477
2020-04-29,321.05810546875,67.9880142211914,22.765989303588867
2020-04-30,314.4995422363281,66.85613250732422,22.113040924072266
2020-05-04,302.09619140625,68.71922302246094,20.524398803710938
2020-05-05,305.62091064453125,70.49122619628906,22.153427124023438
2020-05-06,300.17767333984375,71.82798767089844,21.675493240356445
2020-05-07,308.3424987792969,70.53008270263672,21.92455291748047
2020-05-08,314.3210754394531,69.61299896240234,22.20391845703125
2020-05-11,311.331787109375,69.10782623291016,21.800020217895508
2020-05-12,309.5025939941406,70.73216247558594,21.75290298461914
2020-05-13,298.9731140136719,69.55081939697266,20.92828941345215
2020-05-14,295.3592224121094,68.53270721435547,20.73980712890625
2020-05-15,294.68994140625,67.7865982055664,20.773466110229492
2020-05-18,312.3579406738281,68.05084991455078,22.311622619628906
2020-05-19,319.0057678222656,67.49126434326172,22.1837215423584
2020-05-20,322.7981262207031,68.19074249267578,22.463077545166016
2020-05-21,321.1027526855469,67.60784912109375,22.059188842773438
2020-05-22,317.0426025390625,67.50680541992188,21.991872787475586
2020-05-25,322.9766540527344,68.13633728027344,22.392393112182617
2020-05-26,326.05517578125,67.25033569335938,22.466442108154297
2020-05-27,333.59527587890625,66.97831726074219,22.914091110229492
2020-05-28,345.15087890625,68.78917694091797,23.102569580078125
2020-05-29,334.6214599609375,68.02752685546875,22.634727478027344
2020-06-01,338.10150146484375,68.9290771484375,23.2540283203125
2020-06-02,343.50018310546875,69.03009796142578,23.927183151245117
2020-06-03,351.0848693847656,69.01455688476562,24.51955223083496
2020-06-04,348.0509033203125,69.05342102050781,24.310884475708008
2020-06-05,360.721923828125,69.29434204101562,25.805273056030273
2020-06-08,353.4494934082031,69.698486328125,26.151947021484375
2020-06-09,352.735595703125,70.30469512939453,25.37782096862793
2020-06-10,355.5018005371094,70.48344421386719,24.916711807250977
2020-06-11,334.710693359375,69.34098052978516,23.375194549560547
2020-06-12,338.3245544433594,69.18553924560547,23.62425994873047
2020-06-15,331.4536437988281,69.31766510009766,23.35163688659668
2020-06-16,336.22772216796875,70.77877807617188,24.119029998779297
2020-06-17,338.3245544433594,72.83056640625,24.19644546508789
2020-06-18,336.67376708984375,71.7502670288086,24.01805877685547
2020-06-19,339.1276550292969,73.14922332763672,24.024784088134766
2020-06-22,338.10150146484375,72.30207824707031,23.853132247924805
2020-06-23,348.5862731933594,72.504150390625,24.358003616333008
2020-06-24,340.2876892089844,70.77101135253906,23.5131893157959
2020-06-25,342.5185241699219,71.39276885986328,23.701677322387695
2020-06-26,345.9539489746094,70.80208587646484,23.65792465209961
2020-06-29,347.5601501464844,71.1440658569336,23.716270446777344
2020-06-30,348.45245361328125,70.45236206054688,23.321565628051758
2020-07-01,349.4339904785156,70.80208587646484,23.448556900024414
2020-07-02,358.58038330078125,71.4704818725586,23.918764114379883
2020-07-03,353.98492431640625,70.72438049316406,23.778043746948242
2020-07-06,360.4988098144531,71.88239288330078,24.08350372314453
2020-07-07,361.6214904785156,71.23731994628906,23.808940887451172
2020-07-08,359.0618896484375,70.38241577148438,23.530927658081055
2020-07-09,360.0946960449219,69.30989074707031,22.762123107910156
2020-07-10,359.87017822265625,69.10782623291016,22.8719539642334
2020-07-13,366.7406921386719,70.70884704589844,23.13966178894043
2020-07-14,363.4176330566406,71.1052017211914,23.369611740112305
2020-07-15,370.0636291503906,72.79948425292969,23.56525993347168
2020-07-16,366.5610046386719,72.21659088134766,23.630464553833008
2020-07-17,368.4470520019531,72.44974517822266,23.218603134155273
2020-07-20,370.7371826171875,73.28133392333984,22.793018341064453
2020-07-21,368.1775817871094,72.06114959716797,23.170555114746094
2020-07-22,362.8338623046875,71.12074279785156,22.442935943603516
2020-07-23,362.4747314453125,70.80208587646484,22.329673767089844
2020-07-24,358.4331970214844,69.02233123779297,22.412044525146484
2020-07-27,360.4988098144531,69.26325988769531,22.23356819152832
2020-07-28,345.8148498535156,69.55858612060547,22.243867874145508
2020-07-29,347.7008361816406,69.885009765625,22.274761199951172
2020-07-30,335.7560729980469,68.82026672363281,21.917814254760742
2020-07-31,329.37957763671875,68.82026672363281,21.4853572845459
2020-08-03,334.3639831542969,70.14926147460938,22.240436553955078
2020-08-04,333.7802734375,68.55601501464844,22.789587020874023
2020-08-05,337.77685546875,67.9886703491211,23.228897094726562
2020-08-06,335.8908386230469,67.14930725097656,22.683183670043945
2020-08-07,335.8908386230469,67.91094970703125,22.51157569885254
2020-08-10,333.6904296875,67.39800262451172,22.817039489746094
2020-08-11,343.7043151855469,68.10525512695312,23.46915054321289
2020-08-12,351.3381652832031,68.54824829101562,23.627029418945312
2020-08-13,351.3381652832031,67.60784912109375,23.331865310668945
2020-08-14,346.71295166015625,66.41873931884766,22.995513916015625
2020-08-17,348.23974609375,67.23479461669922,22.851360321044922
2020-08-18,346.71295166015625,67.91094970703125,22.518444061279297
2020-08-19,347.7458190917969,68.1130142211914,22.70721435546875
2020-08-20,344.2880859375,67.59230041503906,22.32280731201172
2020-08-21,346.1741027832031,67.10266876220703,22.212980270385742
2020-08-24,353.3589172363281,67.94981384277344,23.081314086914062
2020-08-25,356.5920715332031,68.13633728027344,22.830766677856445
2020-08-26,361.9357604980469,67.9964370727539,22.90284538269043
2020-08-27,360.13958740234375,66.95500183105469,22.84449577331543
2020-08-28,355.9634094238281,66.08455657958984,22.858226776123047
2020-08-31,352.7751770019531,65.96019744873047,22.720935821533203
2020-09-01,356.2777099609375,65.21409606933594,22.617977142333984
2020-09-02,365.7527770996094,66.20112609863281,22.851360321044922
2020-09-03,366.7855529785156,65.60269165039062,22.796449661254883
2020-09-04,361.8011169433594,64.9498519897461,22.628271102905273
2020-09-07,367.14483642578125,66.47313690185547,23.046998977661133
2020-09-08,363.1931457519531,66.60527038574219,22.206117630004883
2020-09-09,362.8787841796875,68.48607635498047,22.473825454711914
2020-09-10,363.1482849121094,67.37467956542969,22.47039031982422
2020-09-11,374.1499938964844,68.03529357910156,22.319374084472656
2020-09-14,377.4280700683594,67.66224670410156,21.983022689819336
2020-09-15,380.79595947265625,68.96794128417969,22.182090759277344
2020-09-16,382.72686767578125,68.58710479736328,22.09628677368164
2020-09-17,377.20355224609375,68.41612243652344,21.646671295166016
2020-09-18,371.6802978515625,68.73477172851562,21.354934692382812
2020-09-21,355.244873046875,66.74517059326172,20.40766143798828
2020-09-22,351.2034606933594,65.87471008300781,20.55181121826172
2020-09-23,359.331298828125,67.66224670410156,20.387067794799805
2020-09-24,360.8580627441406,67.72441864013672,19.923725128173828
2020-09-25,359.4210510253906,67.31250762939453,19.70948600769043
2020-09-28,364.540283203125,67.86431884765625,20.229267120361328
2020-09-29,368.1775817871094,66.97831726074219,19.89914321899414
2020-09-30,358.7026062011719,66.31771087646484,20.510231018066406
2020-10-01,367.95306396484375,66.29438781738281,20.011526107788086
2020-10-02,366.1119384765625,66.90059661865234,19.814849853515625
2020-10-05,370.5126647949219,67.24256134033203,20.267900466918945
2020-10-06,369.30029296875,65.96019744873047,20.735004425048828
2020-10-07,368.8961486816406,65.21409606933594,20.489158630371094
2020-10-08,365.7078857421875,66.27885437011719,20.71744155883789
2020-10-09,369.92889404296875,67.07935333251953,21.037036895751953
2020-10-12,375.6318664550781,67.2270278930664,20.847383499145508
2020-10-13,374.28472900390625,68.01976013183594,20.517253875732422
2020-10-14,370.1983642578125,67.68556213378906,20.489158630371094
2020-10-15,361.9357604980469,65.80476379394531,19.8183650970459
2020-10-16,388.5196838378906,66.86174011230469,19.986942291259766
2020-10-19,388.250244140625,66.4031982421875,19.814849853515625
2020-10-20,386.3642578125,65.76590728759766,19.828895568847656
2020-10-21,384.2087707519531,64.7866439819336,19.50930404663086
2020-10-22,383.6699523925781,64.3047866821289,19.400432586669922
2020-10-23,384.388427734375,64.4602279663086,19.723533630371094
2020-10-26,378.7752380371094,64.36695861816406,19.003568649291992
2020-10-27,376.1707458496094,62.95246887207031,18.392480850219727
2020-10-28,361.1723937988281,61.42916488647461,17.74977684020996
2020-10-29,362.6542663574219,60.79965591430664,17.65144157409668
2020-10-30,361.3070983886719,60.13126754760742,18.1361026763916
2020-11-02,364.3157653808594,61.693416595458984,19.028160095214844
2020-11-03,367.2795104980469,63.465415954589844,19.495254516601562
2020-11-04,378.82012939453125,67.46794891357422,19.597103118896484
2020-11-05,392.246826171875,66.58195495605469,19.319656372070312
2020-11-06,391.1241455078125,64.75555419921875,19.407455444335938
2020-11-09,421.075927734375,66.00682830810547,22.33297348022461
2020-11-10,425.701171875,65.82030487060547,23.218002319335938
2020-11-11,437.73577880859375,67.82545471191406,22.824661254882812
2020-11-12,424.6683349609375,67.08712768554688,22.62096405029297
2020-11-13,421.8841857910156,66.68299102783203,22.930017471313477
2020-11-16,428.6648864746094,66.47313690185547,24.046844482421875
2020-11-17,426.5992736816406,65.92134094238281,24.327800750732422
2020-11-18,436.61309814453125,66.90837097167969,24.42262840270996
2020-11-19,438.8584289550781,66.55863189697266,23.959043502807617
2020-11-20,442.3609313964844,66.72184753417969,24.232988357543945
2020-11-23,442.3160705566406,65.35398864746094,25.37087631225586
2020-11-24,444.4266662597656,65.447265625,26.807294845581055
2020-11-25,443.8428955078125,65.45503234863281,26.53335952758789
2020-11-26,445.2349548339844,66.34880065917969,26.245370864868164
2020-11-27,445.4594421386719,66.22444915771484,26.480680465698242
2020-11-30,433.6943054199219,65.83584594726562,25.163663864135742
2020-12-01,447.98846435546875,65.36177062988281,25.518381118774414
2020-12-02,448.9804992675781,65.31513214111328,25.785297393798828
2020-12-03,449.11578369140625,64.53015899658203,25.613204956054688
2020-12-04,443.9301452636719,64.97315979003906,26.47365379333496
2020-12-07,445.2377624511719,64.36695861816406,26.10137367248535
2020-12-08,445.9142150878906,64.02499389648438,25.95387077331543
2020-12-09,449.11578369140625,63.35660934448242,25.915237426757812
2020-12-10,451.8212585449219,63.56645202636719,26.456087112426758
2020-12-11,451.2801208496094,61.0250358581543,26.003036499023438
2020-12-14,459.2163391113281,60.50431823730469,25.708023071289062
2020-12-15,457.4126892089844,59.24525833129883,25.6799373626709
2020-12-16,455.4286193847656,60.34109878540039,25.627256393432617
2020-12-17,453.53466796875,60.62089920043945,25.55701446533203
2020-12-18,450.5135803222656,61.405860900878906,25.27956199645996
2020-12-21,442.0813903808594,59.99915313720703,24.338340759277344
2020-12-22,443.9752197265625,61.367000579833984,24.506921768188477
2020-12-23,447.4022216796875,60.861820220947266,25.19176483154297
2020-12-24,447.7178649902344,60.88513946533203,25.209327697753906
2020-12-28,454.5267333984375,61.13383483886719,25.18474006652832
2020-12-29,462.462890625,61.56907272338867,25.125036239624023
2020-12-30,462.7334289550781,61.28927993774414,24.998600006103516
2020-12-31,460.7494812011719,61.16493225097656,24.794902801513672
2021-01-04,461.8316650390625,61.398094177246094,24.755531311035156
2021-01-05,456.51080322265625,61.39031982421875,25.406904220581055
2021-01-06,452.9936218261719,61.01725769042969,26.523534774780273
2021-01-07,464.7175598144531,60.403289794921875,26.81342124938965
2021-01-08,473.73590087890625,61.23487854003906,26.83131980895996
2021-01-11,471.12060546875,61.58461380004883,26.423320770263672
2021-01-12,465.1684265136719,61.54574966430664,26.519954681396484
2021-01-13,461.8316650390625,61.42140197753906,26.795534133911133
2021-01-14,458.1341552734375,62.92915725708008,27.056791305541992
2021-01-15,445.46331787109375,63.364383697509766,26.552165985107422
2021-01-18,450.6037902832031,63.442108154296875,26.469846725463867
2021-01-19,442.8479309082031,64.68560791015625,26.591533660888672
2021-01-20,457.8636169433594,64.0016860961914,26.731109619140625
2021-01-21,457.77337646484375,63.27889633178711,26.108375549316406
2021-01-22,461.2905578613281,63.30997085571289,25.92584991455078
2021-01-25,452.6329040527344,63.341068267822266,25.30311393737793
2021-01-26,458.1341552734375,63.006866455078125,25.754060745239258
2021-01-27,456.691162109375,61.45248794555664,25.643112182617188
2021-01-28,466.2507019042969,61.46803665161133,25.63595199584961
2021-01-29,449.3862609863281,59.96028137207031,24.97743034362793
2021-02-01,457.8636169433594,60.78409957885742,24.734066009521484
2021-02-02,473.375244140625,61.087215423583984,24.95953369140625
2021-02-03,473.0145263671875,60.41106033325195,25.152795791625977
2021-02-04,473.5555725097656,61.26596450805664,25.00606918334961
2021-02-05,476.80218505859375,62.18305206298828,25.102693557739258
2021-02-08,476.0807189941406,62.77370834350586,25.181434631347656
2021-02-09,484.2874450683594,62.62605285644531,24.741214752197266
2021-02-10,477.5235900878906,61.755592346191406,24.87006378173828
2021-02-11,479.3273010253906,60.47323226928711,24.794902801513672
2021-02-12,477.3432312011719,60.745243072509766,25.034687042236328
2021-02-15,483.29541015625,61.040584564208984,26.154905319213867
2021-02-16,486.81256103515625,60.65198516845703,26.051109313964844
2021-02-17,482.4837341308594,61.22710037231445,26.45911407470703
2021-02-18,481.58197021484375,60.80741882324219,26.179954528808594
2021-02-19,488.6162109375,59.851478576660156,26.44837188720703
2021-02-22,489.60821533203125,59.29966735839844,26.820585250854492
2021-02-23,486.45184326171875,59.54836654663086,27.42184829711914
2021-02-24,480.49969482421875,59.5561408996582,27.897838592529297
2021-02-25,478.87640380859375,58.79449462890625,28.241426467895508
2021-02-26,473.4654235839844,58.911075592041016,27.468368530273438
2021-03-01,484.3775939941406,59.39293670654297,27.797632217407227
2021-03-02,486.3616943359375,59.33075714111328,27.854896545410156
2021-03-03,490.4200134277344,58.56134033203125,28.137638092041016
2021-03-04,481.49176025390625,59.6494026184082,29.032381057739258
2021-03-05,471.84210205078125,60.1390495300293,29.329421997070312
2021-03-08,482.3935546875,60.90846252441406,29.290058135986328
2021-03-09,487.6242370605469,61.74781799316406,29.107526779174805
2021-03-10,498.7168273925781,62.86697769165039,29.569223403930664
2021-03-11,509.0880126953125,62.3151741027832,29.87700843811035
2021-03-12,508.09600830078125,62.11310577392578,30.199108123779297
2021-03-15,503.4064636230469,63.442108154296875,29.554899215698242
2021-03-16,505.30035400390625,64.29701232910156,29.179113388061523
2021-03-17,512.4248657226562,63.58977127075195,29.068164825439453
2021-03-18,510.7113037109375,63.93949890136719,28.942901611328125
2021-03-19,502.68499755859375,65.0508804321289,28.796152114868164
2021-03-22,501.96343994140625,64.32032012939453,28.438268661499023
2021-03-23,499.7991027832031,64.0949478149414,28.23067855834961
2021-03-24,499.07763671875,63.65194320678711,28.678062438964844
2021-03-25,501.06158447265625,64.60787963867188,28.197725296020508
2021-03-26,500.4302978515625,64.9498519897461,28.499746322631836
2021-03-29,500.4302978515625,65.65709686279297,28.92549705505371
2021-03-30,517.2045288085938,65.17523193359375,29.293025970458984
2021-03-31,512.3345947265625,65.47834014892578,28.94733238220215
2021-04-01,515.5811767578125,65.43948364257812,28.45608139038086
2021-04-06,520.1807250976562,65.5560531616211,28.25230598449707
2021-04-07,520.5413818359375,65.37730407714844,28.321449279785156
2021-04-08,528.5676879882812,65.83584594726562,27.84475326538086
2021-04-09,530.5518188476562,66.10786437988281,27.542722702026367
2021-04-12,531.8143920898438,65.82030487060547,27.415361404418945
2021-04-13,536.4136962890625,65.33844757080078,27.564559936523438
2021-04-14,551.7449951171875,65.28404235839844,27.870216369628906
2021-04-15,556.1640014648438,65.75813293457031,27.655527114868164
2021-04-16,568.1585083007812,66.06900787353516,27.619138717651367
2021-04-19,563.55908203125,67.00163269042969,27.684640884399414
2021-04-20,549.399658203125,66.88505554199219,26.82586097717285
2021-04-21,566.9173583984375,67.49126434326172,26.85860824584961
2021-04-22,573.634033203125,67.26587677001953,26.851333618164062
2021-04-23,570.0941772460938,66.32548522949219,26.76400375366211
2021-04-26,568.0064697265625,66.3565673828125,26.82586097717285
2021-04-27,574.269287109375,66.37210845947266,26.774919509887695
2021-04-28,574.7230834960938,67.98088836669922,27.251609802246094
2021-04-29,576.9923706054688,67.49126434326172,27.000530242919922
2021-04-30,568.36962890625,67.82545471191406,26.800395965576172
2021-05-03,572.3631591796875,67.37467956542969,27.1024227142334
2021-05-04,561.743896484375,67.49903869628906,27.411725997924805
2021-05-05,573.4524536132812,68.27182006835938,28.394224166870117
2021-05-06,567.5526123046875,68.03775787353516,28.485191345214844
2021-05-07,573.0894165039062,68.95784759521484,28.41969108581543
2021-05-10,567.2803955078125,69.70842742919922,28.630748748779297
2021-05-11,555.7532348632812,68.72378540039062,27.96119499206543
2021-05-12,553.84716796875,69.4098129272461,28.601648330688477
2021-05-13,559.1116333007812,69.89405822753906,28.245033264160156
2021-05-14,570.0941772460938,69.99091339111328,28.929140090942383
2021-05-17,566.372802734375,70.73344421386719,28.972810745239258
2021-05-18,565.4651489257812,70.40253448486328,28.88910484313965
2021-05-19,561.9251708984375,70.05548095703125,27.93572425842285
2021-05-20,570.8202514648438,71.10469818115234,28.052167892456055
2021-05-21,573.2708740234375,71.20962524414062,28.3833065032959
2021-05-24,578.6260375976562,71.16926574707031,28.412416458129883
2021-05-25,580.622802734375,70.9755630493164,27.89569854736328
2021-05-26,581.4397583007812,71.55667114257812,27.997587203979492
2021-05-27,588.5193481445312,70.11197662353516,27.688282012939453
2021-05-28,595.2359619140625,70.99170684814453,27.761051177978516
2021-05-31,591.7869873046875,70.19268798828125,27.586387634277344
2021-06-01,596.4158935546875,69.29681396484375,28.25230598449707
2021-06-02,599.9557495117188,69.01433563232422,28.885469436645508
2021-06-03,593.8745727539062,68.9901123046875,28.885469436645508
2021-06-04,591.0608520507812,69.47437286376953,28.885469436645508
2021-06-07,596.5974731445312,69.55509185791016,28.739910125732422
2021-06-08,598.7758178710938,68.86905670166016,28.845439910888672
2021-06-09,601.3171997070312,69.8133544921875,29.12199592590332
2021-06-10,596.9605712890625,71.1934814453125,28.980079650878906
2021-06-11,606.4000854492188,71.75037384033203,29.35125732421875
2021-06-14,610.4844970703125,71.74229431152344,29.755163192749023
2021-06-15,615.2042846679688,71.71809387207031,29.777002334594727
2021-06-16,619.2887573242188,71.80686950683594,29.802474975585938
2021-06-17,623.8269653320312,71.74229431152344,29.635089874267578
2021-06-18,618.199462890625,71.00785064697266,28.772666931152344
2021-06-21,617.2918701171875,71.20154571533203,29.08197021484375
2021-06-22,618.2902221679688,70.80608367919922,29.26027488708496
2021-06-23,607.3076782226562,70.31375122070312,29.140193939208984
2021-06-24,611.0291748046875,70.70115661621094,29.78767204284668
2021-06-25,611.3921508789062,71.22576141357422,29.55088233947754
2021-06-28,605.9462280273438,71.91986083984375,28.699909210205078
2021-06-29,611.7553100585938,71.29032897949219,28.56671142578125
2021-06-30,600.22802734375,71.31454467773438,28.233722686767578
2021-07-01,602.5880737304688,71.39525604248047,28.68140983581543
2021-07-02,602.1341552734375,70.94328308105469,28.57411003112793
2021-07-05,599.6835327148438,70.13619232177734,28.6444149017334
2021-07-06,595.2359619140625,70.0312728881836,28.048730850219727
2021-07-07,599.4112548828125,70.05548095703125,27.726844787597656
2021-07-08,580.1690063476562,69.23225402832031,27.453054428100586
2021-07-09,601.2265014648438,70.39446258544922,27.7120418548584
2021-07-12,604.4940185546875,71.66967010498047,27.726844787597656
2021-07-13,608.760009765625,71.61317443847656,27.519649505615234
2021-07-14,609.576904296875,71.56473541259766,27.456754684448242
2021-07-15,601.9525756835938,70.33796691894531,27.116365432739258
2021-07-16,593.8745727539062,70.9190673828125,26.8499755859375
2021-07-19,580.8043823242188,70.0312728881836,25.817710876464844
2021-07-20,585.5241088867188,70.28954315185547,25.799209594726562
2021-07-21,598.3219604492188,70.24111938476562,26.487388610839844
2021-07-22,599.4112548828125,70.64466094970703,26.37268829345703
2021-07-23,611.7553100585938,71.08048248291016,26.368988037109375
2021-07-26,611.2106323242188,70.68501281738281,26.979467391967773
2021-07-27,607.7615356445312,70.31375122070312,26.97207260131836
2021-07-28,624.643798828125,70.6930923461914,27.164464950561523
2021-07-29,620.8316650390625,69.82949829101562,27.752744674682617
2021-07-30,611.6644897460938,70.12004852294922,27.157060623168945
2021-08-02,623.5546875,70.01512145996094,27.149662017822266
2021-08-03,631.6327514648438,69.77298736572266,27.889636993408203
2021-08-04,630.5435791015625,68.19918060302734,27.815643310546875
2021-08-05,632.994140625,68.6995620727539,27.878536224365234
2021-08-06,632.994140625,69.61158752441406,28.0709285736084
2021-08-09,632.994140625,70.25725555419922,27.982133865356445
2021-08-10,636.8063354492188,69.86985778808594,27.845237731933594
2021-08-11,639.7108154296875,69.91828155517578,28.23743438720703
2021-08-12,646.2459106445312,70.48323822021484,28.359529495239258
2021-08-13,644.2489624023438,70.58009338378906,28.281827926635742
2021-08-16,630.7250366210938,71.06434631347656,27.93404197692871
2021-08-17,626.7314453125,72.06513977050781,27.989530563354492
2021-08-18,594.419189453125,72.3556900024414,27.915536880493164
2021-08-19,556.4793701171875,72.77538299560547,26.86477279663086
2021-08-20,562.7421875,73.22735595703125,26.983171463012695
2021-08-23,577.8091430664062,72.29112243652344,27.43825340270996
2021-08-24,566.64501953125,71.49211120605469,27.49744987487793
2021-08-25,564.648193359375,71.0562744140625,27.6269474029541
2021-08-26,564.1943969726562,71.38717651367188,27.60844612121582
2021-08-27,565.5557861328125,71.16926574707031,27.93404197692871
2021-08-30,567.2803955078125,71.07241821289062,27.900739669799805
2021-08-31,568.9141845703125,70.71729278564453,27.63434410095215
2021-09-01,587.0671997070312,71.12891387939453,27.453054428100586
2021-09-02,587.2486572265625,71.18540954589844,27.808244705200195
2021-09-03,576.2661743164062,70.9029312133789,27.575143814086914
2021-09-06,588.7918701171875,70.86257934570312,27.87114143371582
2021-09-07,592.694580078125,70.1765365600586,27.83414077758789
2021-09-08,588.7918701171875,68.43321990966797,27.571449279785156
2021-09-09,597.5958251953125,67.23873138427734,27.33835792541504
2021-09-10,602.224853515625,66.0765151977539,27.10526466369629
2021-09-13,596.3251953125,65.76176452636719,27.93404197692871
2021-09-14,587.0671997070312,66.03617095947266,28.00433349609375
2021-09-15,563.8314208984375,65.65684509277344,28.629608154296875
2021-09-16,570.0034790039062,65.91510009765625,28.65181541442871
2021-09-17,572.7262573242188,65.8182601928711,28.407615661621094
2021-09-20,561.5623168945312,66.18952178955078,28.00433349609375
2021-09-21,577.2645874023438,66.36707305908203,28.689661026000977
2021-09-22,583.8905029296875,66.77062225341797,29.42394256591797
2021-09-23,593.6929321289062,66.87554931640625,29.845693588256836
2021-09-24,583.5274658203125,66.19758605957031,29.894628524780273
2021-09-27,578.6260375976562,66.27828979492188,30.922630310058594
2021-09-28,560.8361206054688,65.94739532470703,31.325544357299805
2021-09-29,567.7342529296875,67.56156921386719,30.903806686401367
2021-09-30,562.8329467773438,67.0531005859375,31.129732131958008
2021-10-01,571.8186645507812,66.67378234863281,31.084548950195312
2021-10-04,563.7406616210938,67.02890014648438,31.698331832885742
2021-10-05,574.0878295898438,67.35979461669922,32.64724349975586
2021-10-06,567.0988159179688,66.94818115234375,32.19915008544922
2021-10-07,578.9891357421875,67.77948760986328,32.15395736694336
2021-10-08,569.7310791015625,68.03775787353516,32.64724349975586
2021-10-11,573.3616943359375,68.360595703125,33.30245590209961
2021-10-12,575.3585205078125,67.40016174316406,32.91083526611328
2021-10-13,593.5115966796875,67.41629791259766,32.590763092041016
2021-10-14,605.5831909179688,67.90055847167969,32.98615264892578
2021-10-15,603.4048461914062,67.66649627685547,33.47943115234375
2021-10-18,589.9716186523438,66.71412658691406,33.62628936767578
2021-10-19,586.341064453125,66.68991088867188,33.761844635009766
2021-10-20,595.5082397460938,68.1426773071289,33.78820037841797
2021-10-21,598.7758178710938,67.7552719116211,33.30245590209961
2021-10-22,605.6738891601562,68.69149780273438,32.98991394042969
2021-10-25,598.8665771484375,69.03047943115234,33.080284118652344
2021-10-26,603.5863647460938,69.12733459472656,32.94472885131836
2021-10-27,602.950927734375,69.22418212890625,32.86187744140625
2021-10-28,609.6676635742188,69.40174102783203,32.60582733154297
2021-10-29,614.6597290039062,69.75685119628906,32.66230392456055
2021-11-01,620.287109375,71.26611328125,32.782806396484375
2021-11-02,621.5578002929688,72.32341003417969,32.89200210571289
2021-11-03,619.4701538085938,72.83187103271484,32.315887451171875
2021-11-04,628.5466918945312,72.38797760009766,32.57193374633789
2021-11-05,643.4321899414062,71.39525604248047,32.69242477416992
2021-11-08,642.0706176757812,71.1934814453125,32.760215759277344
2021-11-09,641.9798583984375,71.51631927490234,32.78657913208008
2021-11-10,634.0833129882812,72.4928970336914,33.072750091552734
2021-11-11,640.25537109375,72.54938507080078,33.035099029541016
2021-11-12,656.1392822265625,72.00863647460938,32.51546096801758
2021-11-15,654.2332153320312,72.69467163085938,32.86564636230469
2021-11-16,662.3112182617188,72.77538299560547,33.03132629394531
2021-11-17,659.043701171875,73.12242889404297,32.790340423583984
2021-11-18,661.2219848632812,71.24189758300781,32.43636703491211
2021-11-19,665.7603759765625,71.75037384033203,31.551477432250977
2021-11-22,661.0404663085938,72.12164306640625,31.92803382873535
2021-11-23,651.7825927734375,71.33068084716797,32.297054290771484
2021-11-24,659.043701171875,70.46710205078125,32.470272064208984
2021-11-25,666.8494873046875,69.93441772460938,32.44766616821289
2021-11-26,628.0928344726562,68.61078643798828,30.523481369018555
2021-11-29,632.8126831054688,69.09503936767578,31.02806282043457
2021-11-30,625.8846435546875,67.68263244628906,30.5837345123291
2021-12-01,635.8208618164062,69.28067779541016,31.581605911254883
2021-12-02,625.8846435546875,67.948974609375,31.649383544921875
2021-12-03,624.4262084960938,67.61000061035156,31.882837295532227
2021-12-06,629.0750732421875,68.07810974121094,32.715023040771484
2021-12-07,660.8890380859375,68.89327239990234,33.34764099121094
2021-12-08,651.4998779296875,68.27989196777344,33.30998611450195
2021-12-09,651.7733154296875,67.86827087402344,33.102874755859375
2021-12-10,647.2155151367188,69.83757019042969,33.20454788208008
2021-12-13,646.3038940429688,69.76492309570312,32.726322174072266
2021-12-14,639.5582275390625,68.9901123046875,32.933433532714844
2021-12-15,648.947509765625,69.98284149169922,32.59829330444336
2021-12-16,650.2236328125,70.32182312011719,33.645111083984375
2021-12-17,637.188232421875,70.12812042236328,32.880706787109375
2021-12-20,636.09423828125,70.13619232177734,32.65853500366211
2021-12-21,639.4671020507812,70.7657241821289,33.43800735473633
2021-12-22,652.1380004882812,70.91100311279297,33.671470642089844
2021-12-23,658.154296875,71.15312194824219,33.98024368286133
2021-12-24,653.961181640625,70.91100311279297,33.72043228149414
2021-12-27,662.0740966796875,71.48403930664062,33.85598373413086
2021-12-28,666.1761474609375,71.73423767089844,34.08191680908203
2021-12-29,663.5325927734375,71.66967010498047,33.70536804199219
2021-12-30,665.4469604492188,71.93600463867188,33.814571380615234
2021-12-31,662.712158203125,71.49211120605469,33.611228942871094
2022-01-03,666.3584594726562,72.09742736816406,34.39091873168945
2022-01-04,678.2089233398438,71.08048248291016,34.68140411376953
2022-01-05,690.9708251953125,71.24189758300781,35.09800720214844
2022-01-06,662.80322265625,71.13697814941406,35.11330032348633
2022-01-07,652.5025634765625,71.50824737548828,35.514610290527344
2022-01-10,640.56103515625,71.71002197265625,35.7286491394043
2022-01-11,647.2155151367188,72.63817596435547,36.38604736328125
2022-01-12,646.0303344726562,72.60588073730469,37.50209426879883
2022-01-13,628.9840087890625,71.76651763916016,37.307159423828125
2022-01-14,615.6751098632812,73.1385726928711,37.86518859863281
2022-01-17,625.7024536132812,74.41378021240234,37.97220230102539
2022-01-18,613.4873046875,74.30078125,38.54169845581055
2022-01-19,636.0030517578125,74.03443908691406,39.183780670166016
2022-01-20,641.65478515625,74.99488067626953,38.74043655395508
2022-01-21,635.54736328125,73.39684295654297,37.930152893066406
2022-01-24,604.1892700195312,71.44367218017578,36.6268310546875
2022-01-25,608.0179443359375,72.83995056152344,37.53648376464844
2022-01-26,623.1500244140625,74.20392608642578,39.03855895996094
2022-01-27,632.6302490234375,76.58485412597656,39.550716400146484
2022-01-28,653.0494384765625,76.07637786865234,39.16850280761719
2022-01-31,658.701171875,74.857666015625,38.3888053894043
2022-02-01,667.4524536132812,73.92144775390625,39.214378356933594
2022-02-02,664.8087768554688,74.47834014892578,38.411739349365234
2022-02-03,648.76513671875,73.67931365966797,37.99894714355469
2022-02-04,643.6603393554688,72.87223052978516,38.96211242675781
2022-02-07,652.776123046875,75.14014434814453,39.160858154296875
2022-02-08,643.6603393554688,75.63248443603516,39.20672607421875
2022-02-09,653.2318115234375,75.43878173828125,40.05522155761719
2022-02-10,643.7515869140625,74.94644927978516,39.695945739746094
2022-02-11,624.4262084960938,75.72933197021484,39.94056701660156
2022-02-14,610.7525024414062,74.41378021240234,39.08442306518555
2022-02-15,632.6302490234375,75.72933197021484,38.98504638671875
2022-02-16,626.7963256835938,75.45491790771484,39.30609130859375
2022-02-17,623.605712890625,75.56791687011719,38.71750259399414
2022-02-18,625.6112060546875,75.08365631103516,38.72514724731445
2022-02-21,612.7581176757812,74.37342834472656,38.174766540527344
2022-02-22,610.0233154296875,74.28463745117188,38.13272476196289
2022-02-23,606.9240112304688,75.17243194580078,37.86518859863281
2022-02-24,579.6680908203125,72.80766296386719,36.401336669921875
2022-02-25,607.6532592773438,75.76162719726562,36.89820098876953
2022-02-28,601.5457763671875,75.43878173828125,34.84957504272461
2022-03-01,570.461181640625,74.22814178466797,33.90169906616211
2022-03-02,581.5823364257812,73.79230499267578,36.67270278930664
2022-03-03,562.8040161132812,72.74310302734375,35.29676055908203
2022-03-04,526.7057495117188,70.87065124511719,34.016361236572266
2022-03-07,517.590087890625,71.62930297851562,34.314483642578125
2022-03-08,501.45526123046875,74.07479095458984,34.96041488647461
2022-03-09,549.3126831054688,76.1005859375,35.33497619628906
2022-03-10,535.9127807617188,75.15629577636719,34.93366241455078
2022-03-11,542.293701171875,75.55984497070312,34.84957504272461
2022-03-14,545.7576904296875,75.02716064453125,34.971885681152344
2022-03-15,537.826904296875,75.85039520263672,34.97570037841797
2022-03-16,573.2869873046875,75.92302703857422,34.81135559082031
2022-03-17,574.1074829101562,76.69783782958984,35.170623779296875
2022-03-18,582.8585815429688,75.29350280761719,34.784603118896484
2022-03-21,577.2067260742188,75.30156707763672,34.99099349975586
2022-03-22,586.9606323242188,75.8988265991211,35.66188430786133
2022-03-23,569.0939331054688,75.55984497070312,35.93722152709961
2022-03-24,569.4584350585938,75.21279907226562,36.20867919921875
2022-03-25,570.6434326171875,75.15629577636719,36.91834259033203
2022-03-28,579.48583984375,75.94725036621094,36.21255111694336
2022-03-29,612.3934936523438,74.25235748291016,35.530025482177734
2022-03-30,602.0927734375,75.52755737304688,36.425838470458984
2022-03-31,591.9742431640625,74.66397094726562,35.70066452026367
2022-04-01,592.1565551757812,75.97953796386719,36.26296615600586
2022-04-04,605.1920776367188,76.97225189208984,36.17765808105469
2022-04-05,602.457275390625,78.27167510986328,35.91006851196289
2022-04-06,579.9415893554688,79.40159606933594,35.40592956542969
2022-04-07,568.8204345703125,80.6364517211914,34.83199691772461
2022-04-08,575.8394775390625,84.30870819091797,35.413692474365234
2022-04-11,565.0829467773438,85.72919464111328,36.162139892578125
2022-04-12,575.1102905273438,83.30791473388672,36.00702667236328
2022-04-13,578.0272216796875,83.67918395996094,36.44135284423828
2022-04-14,583.405517578125,83.24334716796875,36.21255111694336
2022-04-19,578.0272216796875,82.75908660888672,36.72056579589844
2022-04-20,585.5020751953125,82.61381530761719,36.480133056640625
2022-04-21,595.6204833984375,83.32405090332031,36.569332122802734
2022-04-22,583.0408935546875,81.8390121459961,35.57656478881836
2022-04-25,561.1632080078125,81.43546295166016,34.14945983886719
2022-04-26,559.9644775390625,81.75829315185547,34.71177673339844
2022-04-27,568.5396118164062,83.40476989746094,35.002628326416016
2022-04-28,569.0928344726562,82.64608764648438,36.28236389160156
2022-04-29,571.213623046875,81.66144561767578,36.62749481201172
2022-05-02,559.3189697265625,81.53231811523438,36.43748474121094
2022-05-03,553.6945190429688,82.01657104492188,37.849056243896484
2022-05-04,547.0557250976562,80.48310089111328,37.86845397949219
2022-05-05,529.260009765625,80.72522735595703,38.40361022949219
2022-05-06,518.103271484375,81.48375701904297,39.2451286315918
2022-05-09,500.3075256347656,80.98838806152344,37.33328628540039
2022-05-10,506.6697082519531,82.10506439208984,37.3410530090332
2022-05-11,528.3380126953125,82.22261047363281,39.051231384277344
2022-05-12,521.3303833007812,81.82799530029297,38.29115676879883
2022-05-13,535.9910278320312,83.78428649902344,39.6174201965332
2022-05-16,530.1820678710938,83.96058654785156,40.106040954589844
2022-05-17,544.105224609375,83.8934326171875,40.5869140625
2022-05-18,533.4092407226562,84.7330322265625,40.47057342529297
2022-05-19,524.188720703125,84.01097106933594,39.9664306640625
2022-05-20,513.2161865234375,85.89168548583984,40.106040954589844
2022-05-23,517.1810913085938,87.06713104248047,41.33148193359375
2022-05-24,508.7904052734375,86.9999771118164,40.67998123168945
2022-05-25,508.0527648925781,87.08393096923828,41.8433837890625
2022-05-26,526.6782836914062,86.9831771850586,42.75082015991211
2022-05-27,547.1480102539062,85.9588623046875,42.56468963623047
2022-05-30,561.1631469726562,84.313232421875,42.797367095947266
2022-05-31,550.6517944335938,83.4400405883789,43.1153564453125
2022-06-01,551.2049560546875,83.49880981445312,41.97523498535156
2022-06-02,560.7021484375,83.39806365966797,42.014007568359375
2022-06-03,561.6242065429688,84.01097106933594,42.25444412231445
2022-06-06,565.9578247070312,84.09493255615234,43.037803649902344
2022-06-07,560.9788818359375,83.95219421386719,43.20842361450195
2022-06-08,554.8009643554688,83.21334838867188,43.83666229248047
2022-06-09,541.7999877929688,82.49968719482422,43.20842361450195
2022-06-10,528.2457885742188,81.33263397216797,42.26995086669922
2022-06-13,507.1307678222656,80.49302673339844,41.37802505493164
2022-06-14,501.5983581542969,79.04890441894531,41.94420623779297
2022-06-15,508.7904052734375,78.88097381591797,41.51762390136719
2022-06-16,497.35699462890625,78.52835083007812,40.307701110839844
2022-06-17,502.24383544921875,79.0656967163086,38.267887115478516
2022-06-20,500.2152404785156,80.27471923828125,38.973670959472656
2022-06-21,510.3578796386719,79.28399658203125,39.68886184692383
2022-06-22,508.69818115234375,80.21595764160156,38.54534912109375
2022-06-23,521.8836059570312,80.39226531982422,37.79872512817383
2022-06-24,541.61572265625,84.4307632446289,38.9461669921875
2022-06-27,534.9768676757812,83.61634826660156,39.295902252197266
2022-06-28,543.1830444335938,83.43164825439453,39.80674362182617
2022-06-29,543.0908813476562,84.69944763183594,40.050384521484375
2022-06-30,536.3598022460938,80.88763427734375,39.586692810058594
2022-07-01,534.7923583984375,81.87837219238281,39.413787841796875
2022-07-04,539.6792602539062,82.56684112548828,41.20567321777344
2022-07-05,527.4158935546875,81.54253387451172,38.561058044433594
2022-07-06,551.0205688476562,82.19742584228516,37.44113540649414
2022-07-07,560.2410278320312,83.34768676757812,38.80470275878906
2022-07-08,559.5957641601562,83.39806365966797,38.72218322753906
2022-07-11,557.1982421875,84.07814025878906,38.447105407714844
2022-07-12,563.0995483398438,84.01097106933594,37.93232345581055
2022-07-13,558.9502563476562,83.30570983886719,37.995208740234375
2022-07-14,559.1346435546875,82.67599487304688,36.22296142578125
2022-07-15,560.9788818359375,84.1285171508789,37.35861587524414
2022-07-18,566.4188232421875,83.83464813232422,38.23098373413086
2022-07-19,579.1432495117188,84.8001937866211,38.588565826416016
2022-07-20,576.930419921875,82.98665618896484,38.66716003417969
2022-07-21,583.93798828125,82.04629516601562,37.63368606567383
2022-07-22,585.2288818359375,81.7440414428711,38.14845275878906
2022-07-25,587.7183837890625,82.32337188720703,38.588565826416016
2022-07-26,576.4693603515625,83.624755859375,38.66716003417969
2022-07-27,586.427490234375,82.91947937011719,39.09548568725586
2022-07-28,611.2308349609375,82.78514099121094,37.7947998046875
2022-07-29,622.3876342773438,81.61809539794922,39.10728073120117
2022-08-01,634.65087890625,79.34276580810547,38.4706916809082
2022-08-02,626.0758666992188,81.39979553222656,37.91267776489258
2022-08-03,632.1614990234375,81.24027252197266,38.23098373413086
2022-08-04,638.9846801757812,80.87924194335938,38.227046966552734
2022-08-05,629.0265502929688,81.86997985839844,38.42352294921875
2022-08-08,635.3886108398438,81.31584167480469,39.15443420410156
2022-08-09,626.536865234375,80.16557312011719,39.963932037353516
2022-08-10,636.218505859375,73.6082534790039,39.720298767089844
2022-08-11,639.5379028320312,71.15660095214844,40.867733001708984
2022-08-12,640.3677368164062,71.75272369384766,40.81272506713867
2022-08-15,644.9780883789062,71.4672622680664,39.8538932800293
2022-08-16,644.4248657226562,72.70147705078125,40.47477340698242
2022-08-17,645.8079223632812,68.57061004638672,40.506221771240234
2022-08-18,651.8012084960938,68.61259460449219,41.4964714050293
2022-08-19,643.8715209960938,68.5622329711914,41.41001510620117
2022-08-22,629.3952026367188,69.6705093383789,41.68508529663086
2022-08-23,626.8134765625,68.4278793334961,43.036865234375
2022-08-24,633.2678833007812,68.30194091796875,42.15664291381836
2022-08-25,634.0977172851562,67.54629516601562,42.471012115478516
2022-08-26,616.8553466796875,68.75533294677734,42.408138275146484
2022-08-29,611.2308349609375,68.35232543945312,42.75394058227539
2022-08-30,610.2164916992188,69.35145568847656,41.20567321777344
2022-08-31,597.0311279296875,68.99880981445312,39.83817672729492
2022-09-01,583.4769897460938,68.14242553710938,39.460941314697266
2022-09-02,594.3571166992188,68.37751007080078,40.52193832397461
2022-09-05,585.5054321289062,67.80657958984375,41.79512405395508
2022-09-06,588.3638305664062,67.63025665283203,40.63981628417969
2022-09-07,591.4066162109375,67.6806411743164,39.1347770690918
2022-09-08,593.3428955078125,67.63865661621094,38.66716003417969
2022-09-09,601.4569702148438,68.17599487304688,39.166221618652344
2022-09-12,607.5426635742188,69.20872497558594,39.76744079589844
2022-09-13,600.1661376953125,68.41109466552734,39.31161117553711
2022-09-14,603.2089233398438,67.74781036376953,40.28614807128906
2022-09-15,591.4066162109375,68.51184844970703,39.31947708129883
2022-09-16,589.6546630859375,68.73014831542969,39.119075775146484
2022-09-19,591.0377807617188,67.45394134521484,38.74575424194336
2022-09-20,584.5834350585938,66.97537231445312,38.40781021118164
2022-09-21,593.43505859375,66.40442657470703,39.00170135498047
2022-09-22,576.1926879882812,66.20293426513672,38.99374008178711
2022-09-23,556.18408203125,66.1693344116211,37.0765266418457
2022-09-26,559.5034790039062,65.01908874511719,37.48706817626953
2022-09-27,557.1061401367188,65.02748107910156,38.14076614379883
2022-09-28,565.4046630859375,66.08538055419922,37.59469223022461
2022-09-29,560.6099243164062,65.35491943359375,37.71028137207031
2022-09-30,562.8228759765625,65.82510375976562,38.483551025390625
2022-10-03,560.6099243164062,67.00055694580078,39.66734313964844
2022-10-04,596.3856811523438,67.17687225341797,40.90297317504883
2022-10-05,587.6260986328125,67.4791259765625,41.34938049316406
2022-10-06,585.59765625,66.60594177246094,40.871070861816406
2022-10-07,570.0149536132812,67.30281829833984,41.93132019042969
2022-10-10,562.9150390625,67.23564910888672,41.05442810058594
2022-10-11,562.9150390625,68.68816375732422,40.20942687988281
2022-10-12,573.4264526367188,68.33552551269531,39.663360595703125
2022-10-13,569.369384765625,68.2011947631836,40.89500045776367
2022-10-14,576.4693603515625,68.48665618896484,41.61244583129883
2022-10-17,587.9951171875,68.94844818115234,42.24221420288086
2022-10-18,586.5197143554688,68.60420989990234,41.548667907714844
2022-10-19,576.2848510742188,67.94930267333984,41.93928527832031
2022-10-20,584.5834350585938,67.84855651855469,42.21829605102539
2022-10-21,582.2781982421875,68.48665618896484,42.22627258300781
2022-10-24,586.335205078125,69.00720977783203,42.648780822753906
2022-10-25,606.7127075195312,69.09117126464844,42.4494743347168
2022-10-26,611.322998046875,69.9727554321289,42.18641662597656
2022-10-27,604.3154296875,70.09869384765625,43.43000793457031
2022-10-28,598.6907348632812,72.37403106689453,43.5177001953125
2022-10-31,589.1937255859375,73.32279205322266,43.92424774169922
2022-11-01,600.0739135742188,72.91976928710938,45.04029083251953
2022-11-02,587.0728759765625,73.32279205322266,44.825050354003906
2022-11-03,580.8951416015625,73.3815689086914,45.34321594238281
2022-11-04,614.2736206054688,73.7845687866211,46.04473876953125
2022-11-07,604.8685302734375,72.86940002441406,46.36360168457031
2022-11-08,606.2516479492188,72.58393096923828,45.55048370361328
2022-11-09,606.7127075195312,72.911376953125,45.20771026611328
2022-11-10,633.2678833007812,73.02053833007812,45.056243896484375
2022-11-11,651.1558837890625,69.20872497558594,45.46279525756836
2022-11-14,646.0845336914062,70.60246276855469,45.3751106262207
2022-11-15,649.3117065429688,71.05584716796875,46.06067657470703
2022-11-16,644.1481323242188,71.13141632080078,46.427371978759766
2022-11-17,642.4884643554688,70.94670104980469,45.78166580200195
2022-11-18,643.779296875,72.23970031738281,45.75775146484375
2022-11-21,644.7936401367188,73.19684600830078,44.34675598144531
2022-11-22,643.5028686523438,73.27240753173828,46.29185485839844
2022-11-23,647.1909790039062,72.66790008544922,45.9251594543457
2022-11-24,647.4675903320312,73.04571533203125,46.09255599975586
2022-11-25,645.6234741210938,73.49910736083984,46.58680725097656
2022-11-28,644.2403564453125,73.79296875,46.02878952026367
2022-11-29,647.283203125,74.04485321044922,46.98538589477539
2022-11-30,679.831787109375,72.609130859375,48.07752990722656
2022-12-01,669.3413696289062,73.42353820800781,47.24845886230469
2022-12-02,664.0498046875,72.01300048828125,46.945533752441406
2022-12-05,663.3070678710938,72.1557388305664,46.8419075012207
2022-12-06,663.0286865234375,71.69396209716797,46.80946350097656
2022-12-07,661.7288818359375,76.06829833984375,45.85251998901367
2022-12-08,667.4847412109375,74.72492980957031,46.07148742675781
2022-12-09,668.6915283203125,74.49823760986328,45.6497688293457
2022-12-12,664.8853149414062,74.3219223022461,45.91739273071289
2022-12-13,674.6329956054688,74.6661605834961,46.94733428955078
2022-12-14,675.2827758789062,75.58132934570312,46.61484146118164
2022-12-15,651.3314208984375,74.6661605834961,45.76331329345703
2022-12-16,644.0901489257812,73.56627655029297,45.13885498046875
2022-12-19,638.0559692382812,74.52342987060547,45.94173049926758
2022-12-20,633.97119140625,74.5654067993164,46.46885681152344
2022-12-21,641.9549560546875,76.47969818115234,47.839412689208984
2022-12-22,634.992431640625,76.64763641357422,47.84751892089844
2022-12-23,625.523193359375,76.3873519897461,48.017818450927734
2022-12-27,640.7481689453125,75.90877532958984,48.358428955078125
2022-12-28,637.4060668945312,75.51416015625,48.14756393432617
2022-12-29,646.5967407226562,76.3873519897461,48.15568542480469
2022-12-30,631.1861572265625,75.43019104003906,47.56367492675781
2023-01-02,644.3687744140625,76.9750747680664,49.254173278808594
2023-01-03,652.4453125,77.52082824707031,48.40071105957031
2023-01-04,685.1233520507812,77.4704360961914,47.268245697021484
2023-01-05,676.2112426757812,75.85839080810547,47.5472526550293
2023-01-06,695.1495971679688,76.50489044189453,48.15452194213867
2023-01-09,705.1757202148438,75.93396759033203,47.85910415649414
2023-01-10,702.1121826171875,75.6233139038086,47.93295669555664
2023-01-11,716.9657592773438,75.6233139038086,48.24479675292969
2023-01-12,718.2655029296875,75.81641387939453,48.78641128540039
2023-01-13,729.0343017578125,76.5552749633789,49.01618957519531
2023-01-16,735.9041748046875,77.11780548095703,48.728973388671875
2023-01-17,740.2675170898438,77.1597900390625,48.909507751464844
2023-01-18,744.4451293945312,76.68121337890625,48.909507751464844
2023-01-19,720.957763671875,76.6140365600586,47.875518798828125
2023-01-20,726.7135009765625,76.17744445800781,48.294036865234375
2023-01-23,731.6337890625,75.50576782226562,48.58125686645508
2023-01-24,737.8536987304688,75.04397583007812,48.1627311706543
2023-01-25,735.5328369140625,75.48898315429688,47.916542053222656
2023-01-26,744.1663818359375,75.32945251464844,48.015018463134766
2023-01-27,743.6095581054688,75.18671417236328,48.10529708862305
2023-01-30,741.5670166015625,75.38822174072266,47.52264404296875
2023-01-31,742.68115234375,75.28746032714844,46.75946044921875
2023-02-01,738.5036010742188,74.4730453491211,45.930625915527344
2023-02-02,751.129150390625,72.85260772705078,45.28232192993164
2023-02-03,769.9746704101562,71.48405456542969,46.242462158203125
2023-02-06,755.86376953125,71.29093933105469,45.67622375488281
2023-02-07,749.5509033203125,73.28919982910156,47.218997955322266
2023-02-08,742.77392578125,74.31352233886719,46.316314697265625
2023-02-09,751.2218627929688,74.89285278320312,47.4734001159668
2023-02-10,740.4530639648438,74.4730453491211,48.704345703125
2023-02-13,752.2431640625,73.59146881103516,48.86027145385742
2023-02-14,752.4288330078125,73.9776840209961,49.221336364746094
2023-02-15,763.6619262695312,74.42266845703125,49.237754821777344
2023-02-16,764.3117065429688,73.7593765258789,49.18851852416992
2023-02-17,759.7628173828125,74.80889129638672,48.13811111450195
2023-02-20,755.3067016601562,74.8172836303711,48.35147476196289
2023-02-21,750.9434814453125,75.10275268554688,48.121700286865234
2023-02-22,751.50048828125,75.69047546386719,47.92475128173828
2023-02-23,751.0363159179688,75.65689086914062,48.50740051269531
2023-02-24,721.6076049804688,75.48898315429688,47.752410888671875
2023-02-27,737.8536987304688,76.02632141113281,48.597660064697266
2023-02-28,732.4692993164062,74.63257598876953,48.06425476074219
2023-03-01,735.4400634765625,74.17919158935547,47.58008575439453
2023-03-02,746.673095703125,74.89285278320312,48.51559829711914
2023-03-03,756.69921875,74.87605285644531,48.42533874511719
2023-03-06,765.889892578125,74.87605285644531,48.6633186340332
2023-03-07,757.62744140625,75.53095245361328,48.41712951660156
2023-03-08,752.3359985351562,75.38822174072266,48.33506393432617
2023-03-09,747.5086059570312,75.46378326416016,47.99040222167969
2023-03-10,745.0947875976562,75.18671417236328,47.629329681396484
2023-03-13,725.6923828125,73.91051483154297,45.2495002746582
2023-03-14,743.1453247070312,74.70813751220703,46.324527740478516
2023-03-15,719.1939086914062,75.37142944335938,43.714927673339844
2023-03-16,744.25927734375,75.75764465332031,43.74774932861328
2023-03-17,730.8910522460938,75.39662170410156,43.60823440551758
2023-03-20,746.8587036132812,75.11114501953125,44.199092864990234
2023-03-21,748.9011840820312,75.71566772460938,45.306941986083984
2023-03-22,756.5136108398438,76.2865982055664,45.23215866088867
2023-03-23,761.9908447265625,80.46783447265625,44.4011344909668
2023-03-24,755.12109375,81.5257339477539,43.05489730834961
2023-03-27,758.4630737304688,82.65081024169922,43.32081985473633
2023-03-28,755.86376953125,83.96058654785156,44.46761703491211
2023-03-29,763.10498046875,84.8001937866211,44.741851806640625
2023-03-30,767.7466430664062,83.48201751708984,45.21553421020508
2023-03-31,783.8999633789062,84.16210174560547,45.173973083496094
2023-04-03,783.6213989257812,83.65834045410156,47.83323669433594
2023-04-04,790.0270385742188,83.624755859375,47.14348602294922
2023-04-05,784.0856323242188,85.13604736328125,47.48419952392578
2023-04-06,769.6961059570312,86.00923156738281,47.78336715698242
2023-04-11,780.4650268554688,85.22000885009766,48.57283020019531
2023-04-12,776.6587524414062,85.50546264648438,48.581146240234375
2023-04-13,820.5699462890625,85.43830108642578,48.39000701904297
2023-04-14,828.8321533203125,85.67339324951172,48.79720687866211
2023-04-17,811.0078125,86.0428237915039,48.80550765991211
2023-04-18,814.6283569335938,85.11924743652344,48.73903274536133
2023-04-19,821.591064453125,85.6062240600586,48.257049560546875
2023-04-20,832.2670288085938,85.22000885009766,47.849853515625
2023-04-21,836.5374755859375,86.378662109375,47.94956970214844
2023-04-24,837.3729858398438,86.32827758789062,48.37338638305664
2023-04-25,832.1336059570312,87.8395767211914,47.90802001953125
2023-04-26,819.0350341796875,86.05960845947266,48.531280517578125
2023-04-27,820.62548828125,85.48867797851562,47.259830474853516
2023-04-28,814.9183349609375,83.96058654785156,48.14900588989258
2023-05-02,812.7664184570312,81.58450317382812,45.70582962036133
2023-05-03,822.5902709960938,82.20581817626953,45.39836120605469
2023-05-04,817.4444580078125,83.24693298339844,45.423282623291016
2023-05-05,820.4384155273438,85.27037811279297,46.64487838745117
2023-05-08,827.5490112304688,84.17889404296875,46.70304489135742
2023-05-09,823.7130737304688,84.66586303710938,46.07978439331055
2023-05-10,816.134521484375,82.96146392822266,46.19613265991211
2023-05-11,830.449462890625,83.25532531738281,45.59779357910156
2023-05-12,828.39111328125,83.37287902832031,46.33740234375
2023-05-15,824.367919921875,83.69192504882812,46.43712615966797
2023-05-16,819.5963134765625,84.24605560302734,45.822174072265625
2023-05-17,818.099365234375,83.0034408569336,45.86371994018555
2023-05-18,816.3217163085938,83.84304809570312,46.279232025146484
2023-05-19,818.005859375,85.32075500488281,46.636566162109375
2023-05-22,821.6546630859375,84.21247863769531,46.470359802246094
2023-05-23,780.4877319335938,84.88416290283203,47.384483337402344
2023-05-24,764.48876953125,84.69944763183594,47.25151824951172
2023-05-25,770.3831787109375,82.70118713378906,45.70582962036133
2023-05-26,789.18896484375,83.45684051513672,46.33740234375
2023-05-29,785.914306640625,83.07901763916016,46.312469482421875
2023-05-30,782.171875,82.13838958740234,44.72523498535156
2023-05-31,761.494873046875,82.63482666015625,44.11028289794922
2023-06-01,753.9163818359375,82.05130004882812,44.70030212402344
2023-06-02,777.4002685546875,82.721923828125,45.855411529541016
2023-06-05,761.5883178710938,83.02674865722656,45.581180572509766
2023-06-06,759.9978637695312,83.93253326416016,45.1573600769043
2023-06-07,760.3721313476562,82.69578552246094,45.531314849853516
2023-06-08,765.330810546875,83.12255859375,45.73075866699219
2023-06-09,767.2020263671875,83.08772277832031,45.66427993774414
2023-06-12,781.049072265625,82.75675964355469,44.83326721191406
2023-06-13,787.6919555664062,81.80743408203125,45.00776672363281
2023-06-14,795.2705078125,81.85098266601562,44.80002212524414
2023-06-15,789.3760375976562,82.0948486328125,44.66706466674805
2023-06-16,812.6727905273438,83.31416320800781,44.70861053466797
2023-06-19,798.4514770507812,82.29515838623047,44.7169189453125
2023-06-20,791.5280151367188,85.32603454589844,44.17676544189453
2023-06-21,784.3237915039062,85.3782958984375,45.381893157958984
2023-06-22,785.165771484375,85.02120971679688,44.252601623535156
2023-06-23,776.6517333984375,85.87472534179688,43.864952087402344
2023-06-26,781.2362670898438,85.21280670166016,44.30317687988281
2023-06-27,785.5400390625,85.25635528564453,43.822811126708984
2023-06-28,794.98974609375,86.08375549316406,43.83966827392578
2023-06-29,799.9485473632812,85.16055297851562,43.76381301879883
2023-06-30,807.433349609375,85.52635192871094,44.286319732666016
2023-07-03,799.8549194335938,85.57861328125,45.08692932128906
2023-07-04,801.5390625,85.11701202392578,45.19647979736328
2023-07-05,792.9314575195312,85.31732177734375,44.4127311706543
2023-07-06,763.4596557617188,82.76547241210938,42.62611389160156
2023-07-07,772.25439453125,81.8248519897461,43.06433868408203
2023-07-10,777.4002685546875,82.13838958740234,43.17389678955078
2023-07-11,794.6155395507812,82.19065856933594,43.81438064575195
2023-07-12,810.8951416015625,81.55486297607422,44.30317687988281
2023-07-13,820.8126220703125,81.15423583984375,44.3621711730957
2023-07-14,834.8468017578125,81.60711669921875,43.216026306152344
2023-07-17,803.6909790039062,82.00775146484375,42.94635772705078
2023-07-18,803.9716186523438,83.55802917480469,43.45199966430664
2023-07-19,795.6446533203125,83.54931640625,44.09248733520508
2023-07-20,799.0128173828125,85.57861328125,44.918373107910156
2023-07-21,812.0178833007812,85.88343811035156,45.49987030029297
2023-07-24,802.381103515625,85.5002212524414,46.174068450927734
2023-07-25,799.0128173828125,85.02120971679688,45.79483413696289
2023-07-26,757.8460083007812,83.96737670898438,45.390316009521484
2023-07-27,786.1950073242188,85.13443756103516,45.777976989746094
2023-07-28,787.037109375,82.70450592041016,45.87910461425781
2023-07-31,793.4927368164062,84.55960083007812,46.57015609741211
2023-08-01,775.62255859375,84.11543273925781,46.02238082885742
2023-08-02,761.12060546875,82.6261215209961,44.758262634277344
2023-08-03,758.9686889648438,80.31813049316406,45.59257507324219
2023-08-04,763.4596557617188,81.7987289428711,46.83141326904297
2023-08-07,764.7694702148438,82.10355377197266,46.71343231201172
2023-08-08,755.2262573242188,83.15739440917969,46.48588562011719
2023-08-09,755.0391235351562,84.12413787841797,48.07025146484375
2023-08-10,780.9555053710938,85.23023223876953,48.72759246826172
2023-08-11,767.5763549804688,84.54219055175781,48.1797981262207
2023-08-14,763.646728515625,85.01250457763672,47.68259048461914
2023-08-15,752.3257446289062,84.4202651977539,47.27806854248047
2023-08-16,751.203125,83.89769744873047,47.46347427368164
2023-08-17,734.5492553710938,85.06475830078125,47.83427810668945
2023-08-18,726.877197265625,85.35216522216797,48.04496765136719
2023-08-21,733.426513671875,85.91828155517578,48.53376007080078
2023-08-22,739.3208618164062,86.75437927246094,48.862430572509766
2023-08-23,739.5079956054688,86.19698333740234,48.011260986328125
2023-08-24,733.2393798828125,85.46539306640625,48.1797981262207
2023-08-25,734.7362670898438,85.97052764892578,48.30622482299805
2023-08-28,747.08642578125,86.46696472167969,48.78658676147461
2023-08-29,757.8460083007812,86.80663299560547,48.76130294799805
2023-08-30,752.2322998046875,86.39729309082031,48.828712463378906
2023-08-31,731.8358764648438,85.9095687866211,48.93828201293945
2023-09-01,725.8479614257812,85.88343811035156,49.62932205200195
2023-09-04,722.8540649414062,85.3782958984375,49.48606491088867
2023-09-05,710.2232666015625,86.24922943115234,50.480506896972656
2023-09-06,684.4003295898438,85.56118774414062,50.151832580566406
2023-09-07,677.476806640625,86.81534576416016,50.46364974975586
2023-09-08,692.35302734375,87.3901596069336,50.88502502441406
2023-09-11,694.4114379882812,88.67915344238281,51.188419342041016
2023-09-12,687.11376953125,88.5572280883789,51.65192413330078
2023-09-13,682.6226806640625,88.40045928955078,51.60136032104492
2023-09-14,694.78564453125,89.20172119140625,52.486236572265625
2023-09-15,712.1880493164062,89.53268432617188,52.56208801269531
2023-09-18,694.692138671875,88.5572280883789,52.241844177246094
2023-09-19,689.359130859375,88.92301940917969,53.126731872558594
2023-09-20,689.265625,90.40362548828125,53.118202209472656
2023-09-21,682.342041015625,89.27139282226562,52.76856994628906
2023-09-22,685.14892578125,88.92301940917969,52.794151306152344
2023-09-25,667.3722534179688,89.39332580566406,52.98175811767578
2023-09-26,657.7354125976562,89.51526641845703,52.794151306152344
2023-09-27,653.7122802734375,88.5572280883789,53.663970947265625
2023-09-28,660.542236328125,87.75596618652344,54.25236511230469
2023-09-29,670.2726440429688,88.38304138183594,53.135257720947266
2023-10-02,668.8692626953125,88.67915344238281,52.48715591430664
2023-10-03,659.8873291015625,88.45271301269531,52.25691604614258
2023-10-04,666.6237182617188,88.67915344238281,51.24213790893555
2023-10-05,674.2021484375,89.5849380493164,50.9692497253418
2023-10-06,682.7162475585938,89.0101089477539,51.45532989501953
2023-10-09,664.9396362304688,89.34107208251953,52.35072708129883
2023-10-10,686.2716674804688,89.42816162109375,52.777099609375
2023-10-11,641.923583984375,89.98556518554688,52.60655212402344
2023-10-12,631.538330078125,90.56039428710938,53.01587677001953
2023-10-13,618.0654296875,90.03782653808594,53.868629455566406
2023-10-16,624.1468505859375,90.4732894897461,53.77482604980469
2023-10-17,625.36328125,89.65460968017578,53.87715530395508
2023-10-18,624.7083740234375,88.27852630615234,54.3888053894043
2023-10-19,627.4215698242188,86.05762481689453,54.005069732666016
2023-10-20,621.24658203125,86.07504272460938,53.35697555541992
2023-10-23,626.2987670898438,85.62215423583984,53.12672805786133
2023-10-24,637.1519775390625,86.17085266113281,52.896488189697266
2023-10-25,635.374267578125,87.9823989868164,53.041446685791016
2023-10-26,625.36328125,87.49467468261719,53.28022003173828
2023-10-27,618.8140258789062,70.92938995361328,53.723655700683594
2023-10-30,627.7957763671875,73.28092956542969,53.71513366699219
2023-10-31,631.0704956054688,74.63959503173828,53.89421081542969
2023-11-01,631.8189697265625,75.64117431640625,54.260894775390625
2023-11-02,655.957763671875,75.94600677490234,55.07953643798828
2023-11-03,657.5482177734375,74.33476257324219,53.15231704711914
2023-11-06,652.3088989257812,73.9776840209961,53.433719635009766
2023-11-07,652.5895385742188,73.52479553222656,52.22280502319336
2023-11-08,658.2031860351562,75.01409912109375,51.83053970336914
2023-11-09,668.4013671875,74.9705581665039,52.325138092041016
2023-11-10,642.859130859375,74.15187072753906,52.90501403808594
2023-11-13,644.1690063476562,74.28251647949219,53.54458236694336
2023-11-14,661.38427734375,73.6728515625,53.331398010253906
2023-11-15,672.7052612304688,72.85417175292969,53.391082763671875
2023-11-16,660.6358032226562,73.8731689453125,51.984031677246094
2023-11-17,665.7816772460938,74.8050765991211,52.7088737487793
2023-11-20,671.4889526367188,74.3957290649414,53.723655700683594
2023-11-21,658.7645874023438,74.32605743408203,53.68102264404297
2023-11-22,666.4365844726562,73.96026611328125,52.742984771728516
2023-11-23,665.7816772460938,75.10990142822266,53.56163024902344
2023-11-24,661.38427734375,75.2318344116211,53.84304428100586
2023-11-27,652.4024047851562,75.44956970214844,53.60426712036133
2023-11-28,640.4266357421875,74.69185638427734,53.88568115234375
2023-11-29,646.0402221679688,73.9167251586914,52.598026275634766
2023-11-30,657.4547729492188,74.43057250976562,53.09261703491211
2023-12-01,654.1801147460938,74.70926666259766,53.177894592285156
2023-12-04,658.895263671875,75.41473388671875,52.35072708129883
2023-12-05,672.5691528320312,75.24925231933594,52.33366394042969
2023-12-06,677.6614990234375,75.01409912109375,51.71968078613281
2023-12-07,674.8324584960938,74.11702728271484,51.73673629760742
2023-12-08,696.9937133789062,75.01409912109375,52.78562927246094
2023-12-11,697.8423461914062,76.46857452392578,52.84532165527344
2023-12-12,691.8069458007812,76.52953338623047,52.28250503540039
2023-12-13,692.6557006835938,77.11306762695312,52.325138092041016
2023-12-14,704.2550048828125,76.6601791381836,52.36777877807617
2023-12-15,705.7638549804688,76.38147735595703,52.55538558959961
2023-12-18,699.539794921875,77.17403411865234,53.169368743896484
2023-12-19,703.029052734375,77.4527359008789,52.86237335205078
2023-12-20,704.3493041992188,77.6617660522461,52.998809814453125
2023-12-21,701.0487670898438,77.4788589477539,52.870906829833984
2023-12-22,695.6734619140625,77.80982208251953,53.12672805786133
2023-12-27,693.5045166015625,77.6617660522461,53.27170181274414
2023-12-28,689.3551635742188,77.74014282226562,52.36777877807617
2023-12-29,691.8069458007812,78.17561340332031,52.5297966003418
2024-01-02,681.8108520507812,79.15978240966797,53.50513458251953
2024-01-03,655.7833251953125,80.1091079711914,53.28935241699219
2024-01-04,658.0465087890625,80.84940338134766,53.928062438964844
2024-01-05,649.6536254882812,81.41551971435547,53.9453239440918
2024-01-08,651.9168090820312,81.98162078857422,52.26223373413086
2024-01-09,641.9207153320312,82.90483093261719,51.891082763671875
2024-01-10,644.0896606445312,82.60869598388672,51.588993072509766
2024-01-11,633.9049682617188,82.82643127441406,51.33868408203125
2024-01-12,631.7360229492188,83.30545806884766,51.908348083496094
2024-01-15,631.075927734375,82.18193817138672,51.7357177734375
2024-01-16,628.341064453125,82.9222412109375,51.42499923706055
2024-01-17,610.517822265625,83.07029724121094,50.28567123413086
2024-01-18,625.6062622070312,82.46935272216797,50.50144577026367
2024-01-19,621.834228515625,81.90324401855469,50.30293655395508
2024-01-22,625.1348266601562,82.04259490966797,49.845481872558594
2024-01-23,632.20751953125,80.61425018310547,50.16482925415039
2024-01-24,644.4669799804688,80.60554504394531,50.80354690551758
2024-01-25,646.2586059570312,79.84782409667969,50.87260055541992
2024-01-26,729.0567626953125,80.19620513916016,51.45952606201172
2024-01-29,732.0744018554688,80.71005249023438,51.96876525878906
2024-01-30,737.4496459960938,80.51844024658203,52.15865707397461
2024-01-31,729.5281982421875,81.31099700927734,51.87382125854492
2024-02-01,726.6991577148438,77.97529602050781,52.288124084472656
2024-02-02,733.7717895507812,76.26825714111328,51.61488723754883
2024-02-05,736.2237548828125,76.12020111083984,51.11427307128906
2024-02-06,735.092041015625,75.9721450805664,52.046443939208984
2024-02-07,739.4299926757812,76.11148071289062,50.39788055419922
2024-02-08,758.6678466796875,74.71798706054688,51.079742431640625
2024-02-09,761.4969482421875,75.33634948730469,51.54583740234375
2024-02-12,775.0765380859375,74.96184539794922,51.632144927978516
2024-02-13,755.1785888671875,74.63089752197266,52.046443939208984
2024-02-14,756.8760375976562,74.66572570800781,52.15001678466797
2024-02-15,769.1354370117188,75.34506225585938,51.57173156738281
2024-02-16,769.3240966796875,75.301513671875,51.692569732666016
2024-02-19,775.0765380859375,75.09248352050781,51.51994323730469
2024-02-20,773.4735107421875,75.88504028320312,50.579132080078125
2024-02-21,774.7936401367188,76.09407043457031,50.8553352355957
2024-02-22,792.5225830078125,77.2872543334961,51.036590576171875
2024-02-23,801.6699829101562,78.13206481933594,51.49404525756836
2024-02-26,794.2200927734375,77.75756072998047,51.08837890625
2024-02-27,801.9529418945312,77.36563873291016,51.3559455871582
2024-02-28,799.4067993164062,77.37435150146484,51.2696418762207
2024-02-29,794.785888671875,76.54695892333984,50.91575622558594
2024-03-01,798.1807861328125,76.04180908203125,51.61488723754883
2024-03-04,791.956787109375,75.61505126953125,51.26100540161133
2024-03-05,781.8663330078125,76.29438018798828,51.06248474121094
2024-03-06,785.1669311523438,75.87633514404297,51.77024459838867
2024-03-07,791.956787109375,76.64276123046875,51.71845626831055
2024-03-08,796.7662963867188,76.37277221679688,51.83066940307617
2024-03-11,801.9529418945312,76.92146301269531,51.899715423583984
2024-03-12,810.0630493164062,76.93887329101562,52.365806579589844
2024-03-13,817.7958374023438,77.06951904296875,53.28935241699219
2024-03-14,823.076904296875,76.82565307617188,54.12657928466797
2024-03-15,813.175048828125,76.81694793701172,53.928062438964844
2024-03-18,809.2142333984375,76.64276123046875,54.05752944946289
2024-03-19,811.1946411132812,75.94600677490234,55.49894714355469
2024-03-20,797.9922485351562,76.3292236328125,55.184600830078125
2024-03-21,799.5953979492188,76.39018249511719,54.940120697021484
2024-03-22,781.3948974609375,77.20887756347656,54.878990173339844
2024-03-25,778.4714965820312,78.0798110961914,55.21080017089844
2024-03-26,774.9822387695312,79.51686096191406,54.99250411987305
2024-03-27,782.9979858398438,79.9175033569336,55.044898986816406
2024-03-28,786.204345703125,79.22074127197266,55.42036819458008
2024-04-02,774.9822387695312,77.10436248779297,57.594566345214844
2024-04-03,769.5127563476562,77.49628448486328,58.20578384399414
2024-04-04,772.718994140625,77.26983642578125,58.54632568359375
2024-04-05,754.235595703125,76.06793212890625,58.32802963256836
2024-04-08,761.308349609375,75.77182006835938,59.314720153808594
2024-04-09,749.897705078125,75.96342468261719,58.85193634033203
2024-04-10,747.822998046875,76.74727630615234,59.44569778442383
2024-04-11,745.4654541015625,75.48440551757812,59.1138801574707
2024-04-12,736.6953125,75.31021881103516,60.327598571777344
2024-04-15,749.5204467773438,76.16374206542969,59.629058837890625
2024-04-16,737.2611083984375,75.58892059326172,58.7209587097168
2024-04-17,758.1963500976562,75.05765533447266,59.0789680480957
2024-04-18,751.406494140625,74.23025512695312,58.8693962097168
2024-04-19,751.2178955078125,75.67601013183594,58.74715042114258
2024-04-22,751.406494140625,76.79081726074219,59.28852844238281
2024-04-23,761.2120361328125,77.383056640625,59.29726028442383
2024-04-24,761.783203125,76.38147735595703,59.29726028442383
2024-04-25,740.6490478515625,79.79557037353516,59.42823028564453
2024-04-26,754.1672973632812,79.45590209960938,60.66813278198242
2024-04-29,741.7913818359375,79.98716735839844,60.46731185913086
2024-04-30,737.2218627929688,81.067138671875,59.8910026550293
2024-05-02,730.1771240234375,80.0394287109375,58.37168502807617
2024-05-03,744.4569702148438,79.51686096191406,57.94384002685547
2024-05-06,744.1714477539062,79.27299499511719,58.72969436645508
2024-05-07,751.501708984375,80.02200317382812,58.563777923583984
2024-05-08,750.07373046875,81.067138671875,58.70349884033203
2024-05-09,751.1209716796875,81.15423583984375,59.68144226074219
2024-05-10,750.5498046875,82.15580749511719,59.9695930480957
2024-05-13,745.0281982421875,84.09700012207031,60.03072738647461
2024-05-14,753.8817138671875,83.17176055908203,59.65525817871094
2024-05-15,751.1209716796875,82.14674377441406,58.91305923461914
2024-05-16,748.2649536132812,81.8564682006836,58.03114700317383
2024-05-17,745.5994262695312,80.88587951660156,58.45899963378906
2024-05-20,741.6962280273438,80.8768081665039,58.50267028808594
2024-05-21,731.2242431640625,81.63876342773438,57.978759765625
2024-05-22,715.8020629882812,82.36444854736328,56.90475082397461
2024-05-23,716.6588134765625,81.78390502929688,57.36753845214844
2024-05-24,713.9932861328125,81.20336151123047,57.620765686035156
2024-05-27,719.8956298828125,81.51177215576172,57.978759765625
2024-05-28,709.6141967773438,80.3506851196289,57.75173568725586
2024-05-29,689.4319458007812,79.56150817871094,57.30641555786133
2024-05-30,699.142333984375,80.34162139892578,57.027000427246094
2024-05-31,699.6182250976562,81.42106628417969,58.51139831542969
2024-06-03,702.5693969726562,81.7385482788086,57.55963134765625
2024-06-04,699.7134399414062,81.88368225097656,56.171295166015625
2024-06-05,716.4684448242188,82.2646713256836,56.5118293762207
2024-06-06,726.0835571289062,82.55493927001953,56.730125427246094
2024-06-07,725.8931884765625,82.66378784179688,56.70392990112305
2024-06-10,710.4708862304688,81.88368225097656,56.93968963623047
2024-06-11,701.236572265625,81.53898620605469,55.970458984375
2024-06-12,700.09423828125,81.0038070678711,55.830753326416016
2024-06-13,696.3814086914062,79.76107788085938,54.4074821472168
2024-06-14,677.2464599609375,78.40042877197266,53.63035583496094
2024-06-17,682.9583740234375,79.52523040771484,54.13679504394531
2024-06-18,676.0087890625,80.28719329833984,54.887725830078125
2024-06-19,673.0576782226562,78.75419616699219,54.63128662109375
2024-06-20,679.3408203125,79.92435455322266,55.09995651245117
2024-06-21,682.8631591796875,79.4798812866211,54.62244415283203
2024-06-24,691.6215209960938,81.96532440185547,55.27681350708008
2024-06-25,701.427001953125,82.42794036865234,55.60399627685547
2024-06-26,692.0974731445312,82.35537719726562,54.86119842529297
2024-06-27,681.1495971679688,81.51177215576172,54.86119842529297
2024-06-28,679.3408203125,81.58434295654297,55.11764144897461
2024-07-01,677.817626953125,83.31689453125,56.24952697753906
2024-07-02,675.5327758789062,82.03789520263672,56.603248596191406
2024-07-03,680.483154296875,81.84740447998047,57.3283576965332
2024-07-04,685.2431030273438,82.54586791992188,58.17728042602539
2024-07-05,682.0064086914062,82.49144744873047,57.797035217285156
2024-07-08,662.3001708984375,83.54367065429688,57.195716857910156
2024-07-09,653.9226684570312,83.48017883300781,55.904659271240234
2024-07-10,664.10888671875,84.85897064208984,55.7454833984375
2024-07-11,675.9136352539062,85.09480285644531,55.55093765258789
2024-07-12,690.0031127929688,85.6300048828125,56.152259826660156
2024-07-15,671.724853515625,83.843017578125,55.957706451416016
2024-07-16,658.8729858398438,83.3803939819336,55.09111404418945
2024-07-17,657.064208984375,83.47109985351562,55.55978775024414
2024-07-18,657.1594848632812,83.68881225585938,56.417545318603516
2024-07-19,647.1635131835938,83.77952575683594,55.47135925292969
2024-07-22,658.8729858398438,84.81361389160156,55.83391189575195
2024-07-23,658.39697265625,84.16957092285156,54.94078063964844
2024-07-24,627.7429809570312,84.87710571289062,55.232601165771484
2024-07-25,621.269287109375,88.43292236328125,54.79930114746094
2024-07-26,631.2652587890625,87.8251724243164,54.94078063964844
2024-07-29,623.2685546875,86.88179016113281,54.59591293334961
2024-07-30,621.0789794921875,86.52802276611328,54.89657211303711
2024-07-31,621.650146484375,86.47359466552734,55.25028610229492
2024-08-01,611.1782836914062,86.20146942138672,54.74624252319336
2024-08-02,600.2304077148438,87.21741485595703,54.065338134765625
2024-08-05,594.3280639648438,85.49393463134766,52.615108489990234
2024-08-06,592.0432739257812,84.69568634033203,52.376346588134766
2024-08-07,601.0872192382812,86.4010238647461,53.870792388916016
2024-08-08,602.89599609375,86.74571990966797,53.86195373535156
2024-08-09,605.46630859375,87.3081283569336,54.25103759765625
2024-08-12,604.6094970703125,86.78201293945312,54.57822799682617
2024-08-13,603.7528076171875,88.07915496826172,54.2421989440918
2024-08-14,613.2725830078125,88.52362823486328,54.34830856323242
2024-08-15,624.506103515625,88.85018920898438,55.25028610229492
2024-08-16,626.5052490234375,89.41259002685547,55.11764144897461
2024-08-19,642.117919921875,89.2039566040039,55.63936996459961
2024-08-20,645.259521484375,89.35816955566406,54.79930114746094
2024-08-21,646.2114868164062,89.7300796508789,54.94078063964844
2024-08-22,645.449951171875,89.81171417236328,54.48979568481445
2024-08-23,648.4010620117188,91.01815032958984,54.96731185913086
2024-08-26,649.2578735351562,91.45356750488281,55.5863151550293
2024-08-27,637.6436157226562,91.36285400390625,55.46251678466797
2024-08-28,634.2164306640625,91.59870147705078,55.18838882446289
2024-08-29,644.8788452148438,92.0159683227539,55.453670501708984
2024-08-30,641.9275512695312,91.79825592041016,54.993839263916016
2024-09-02,640.88037109375,95.11823272705078,55.25028610229492
2024-09-03,638.6907958984375,94.35626983642578,53.508235931396484
2024-09-04,611.7493896484375,95.75320434570312,53.207576751708984
2024-09-05,589.472900390625,95.17266082763672,53.552459716796875
2024-09-06,582.6185302734375,94.82796478271484,52.93345260620117
2024-09-09,586.6168823242188,95.93462371826172,53.906166076660156
2024-09-10,582.999267578125,95.77134704589844,52.942291259765625
2024-09-11,577.8585815429688,94.84609985351562,53.22526550292969
2024-09-12,577.6681518554688,93.24961853027344,53.86195373535156
2024-09-13,578.90576171875,93.79387664794922,54.003440856933594
2024-09-16,574.6217651367188,93.72130584716797,54.13608169555664
2024-09-17,578.5249633789062,93.34032440185547,54.29526138305664
2024-09-18,567.29150390625,93.39474487304688,54.144927978515625
2024-09-19,584.5224609375,94.44699096679688,55.40061569213867
2024-09-20,563.4835205078125,93.92086791992188,54.81698989868164
2024-09-23,566.5298461914062,93.55802917480469,54.931941986083984
2024-09-24,584.6177368164062,94.04786682128906,55.44483184814453
2024-09-25,587.8544311523438,92.92305755615234,54.370147705078125
2024-09-26,645.9259033203125,92.814208984375,53.10738754272461
2024-09-27,669.6304931640625,93.41289520263672,52.973052978515625
2024-09-30,655.44580078125,93.34032440185547,52.390926361083984
2024-10-01,632.1220703125,94.26556396484375,53.11634826660156
2024-10-02,636.3108520507812,92.68721771240234,54.30744934082031
2024-10-03,629.26611328125,90.90930938720703,55.095558166503906
2024-10-04,630.1228637695312,92.26995086669922,56.1075553894043
2024-10-07,647.1635131835938,91.4898452758789,56.67176055908203
2024-10-08,624.0300903320312,91.00001525878906,55.59708023071289
2024-10-09,624.8870239257812,91.76197814941406,55.507511138916016
2024-10-10,623.5541381835938,91.25399780273438,55.892608642578125
2024-10-11,621.745361328125,90.83673858642578,55.85679244995117
2024-10-14,607.1798706054688,92.14295959472656,55.96426773071289
2024-10-15,595.375244140625,91.30843353271484,53.277549743652344
2024-10-16,573.4794921875,91.05443572998047,53.205902099609375
2024-10-17,580.1433715820312,91.63497924804688,53.537261962890625
2024-10-18,593.2808227539062,91.45356750488281,53.42979049682617
2024-10-21,581.66650390625,90.55553436279297,53.6805534362793
2024-10-22,586.426513671875,89.2039566040039,53.95817947387695
2024-10-23,584.1416625976562,89.4488754272461,53.74324417114258
2024-10-24,598.5167846679688,88.53270721435547,53.80593490600586
2024-10-25,596.8984375,90.78231048583984,53.97608947753906
2024-10-28,601.7535400390625,91.41727447509766,53.49248123168945
2024-10-29,600.6112060546875,90.74602508544922,53.19694900512695
2024-10-30,588.4255981445312,89.53958129882812,52.9640998840332
2024-10-31,580.5241088867188,88.0882339477539,51.40580749511719
2024-11-01,581.66650390625,89.530517578125,51.85359191894531
2024-11-04,577.5729370117188,88.6234130859375,52.01478958129883
2024-11-05,573.6697998046875,87.55303955078125,52.20286560058594
2024-11-06,574.1458129882812,86.74571990966797,51.55805587768555
2024-11-07,589.282470703125,86.83644104003906,51.710296630859375
2024-11-08,569.6715087890625,86.84550476074219,50.90428924560547
2024-11-11,570.7185668945312,86.81829833984375,51.19086456298828
2024-11-12,544.9197387695312,85.9293441772461,49.9012451171875
2024-11-13,546.44287109375,85.3034439086914,50.00871276855469
2024-11-14,556.3436279296875,85.6300048828125,51.18191146850586
2024-11-15,558.1522827148438,82.82706451416016,51.504310607910156
2024-11-18,560.3419189453125,82.97219848632812,52.03269958496094
2024-11-19,549.5844116210938,82.73635864257812,51.4684944152832
2024-11-20,547.7757568359375,82.36444854736328,51.37894058227539
2024-11-21,547.2996826171875,82.42794036865234,51.208778381347656
2024-11-22,555.0108032226562,84.51426696777344,51.128170013427734
2024-11-25,564.0546875,84.16957092285156,50.04453659057617
2024-11-26,567.3866577148438,83.198974609375,49.19374084472656
2024-11-27,561.7699584960938,83.73416137695312,48.45041275024414
2024-11-28,558.3427124023438,83.54367065429688,48.55788040161133
2024-11-29,564.0546875,83.53459930419922,49.22956085205078
2024-12-02,582.4080200195312,83.28968048095703,48.18174362182617
2024-12-03,585.3869018554688,83.15361785888672,48.486236572265625
2024-12-04,586.3478393554688,82.86334991455078,48.30712127685547
2024-12-05,585.3869018554688,83.27154541015625,48.41459655761719
2024-12-06,605.7582397460938,83.61624145507812,48.566837310791016
2024-12-09,627.0903930664062,83.28968048095703,49.220603942871094
2024-12-10,611.1393432617188,83.22618865966797,48.67430877685547
2024-12-11,618.6344604492188,82.80892944335938,47.89515686035156
2024-12-12,620.7484130859375,82.2646713256836,47.79664611816406
2024-12-13,614.0220947265625,80.88587951660156,47.78769302368164
2024-12-16,606.5270385742188,80.56839752197266,46.82943344116211
2024-12-17,610.7549438476562,83.21710968017578,46.283138275146484
2024-12-18,611.6198120117188,83.27154541015625,46.74882888793945
2024-12-19,602.9715576171875,82.9994125366211,46.50702667236328
2024-12-20,603.548095703125,82.79985046386719,46.47119903564453
2024-12-23,604.6051635742188,83.25340270996094,46.43538284301758
2024-12-24,606.142578125,83.22618865966797,46.578670501708984
2024-12-27,610.7549438476562,84.61405181884766,47.24138641357422
2024-12-30,604.701171875,84.48705291748047,47.10706329345703
2024-12-31,610.6588745117188,85.03131103515625,47.79664611816406
2025-01-02,610.5628051757812,85.55743408203125,48.84203338623047
2025-01-03,587.40478515625,84.24214172363281,49.08747100830078
2025-01-06,609.7940063476562,85.8658447265625,49.73287582397461
2025-01-07,619.3070678710938,86.94528198242188,49.978309631347656
2025-01-08,610.8510131835938,86.78201293945312,50.141937255859375
2025-01-09,622.6702880859375,87.35348510742188,50.269203186035156
2025-01-10,619.7875366210938,86.72758483886719,50.22374725341797
2025-01-13,621.1328125,86.14704895019531,50.832794189453125
2025-01-14,625.552978515625,84.5777587890625,50.54191207885742
2025-01-15,612.2924194335938,86.9180679321289,50.841888427734375
2025-01-16,668.3135375976562,88.78669738769531,52.15998077392578
2025-01-17,663.1245727539062,89.0678939819336,52.24179458618164
2025-01-20,656.398193359375,89.66658020019531,51.969085693359375
2025-01-21,673.8867797851562,89.82078552246094,51.487300872802734
2025-01-22,685.898193359375,89.66658020019531,51.250953674316406
2025-01-23,692.432373046875,90.6099624633789,51.03278732299805
2025-01-24,705.4046630859375,90.8548812866211,50.76008224487305
2025-01-27,725.2955322265625,91.92525482177734,50.623722076416016
2025-01-28,721.2597045898438,92.26995086669922,50.67826461791992
2025-01-29,685.3216552734375,92.3969497680664,50.72372055053711
2025-01-30,687.8200073242188,93.99343872070312,51.05096435546875
2025-01-31,676.0008544921875,94.70097351074219,51.260047912597656
2025-02-03,663.1245727539062,94.7553939819336,50.87825012207031
2025-02-04,665.6229858398438,93.14076232910156,51.832733154296875
2025-02-05,659.1848754882812,93.97529602050781,52.732666015625
2025-02-06,669.6588134765625,94.08414459228516,53.27808380126953
2025-02-07,657.4552612304688,93.7575912475586,53.52352523803711
2025-02-10,658.51220703125,94.1567153930664,53.287174224853516
2025-02-11,658.4161376953125,94.0115737915039,53.505340576171875
2025-02-12,660.9144897460938,94.79168701171875,53.641693115234375
2025-02-13,679.5562133789062,95.57178497314453,53.359901428222656
2025-02-14,685.1294555664062,94.06600189208984,53.52352523803711
2025-02-17,674.0789794921875,94.37442016601562,53.54169845581055
2025-02-18,677.5382690429688,94.04786682128906,53.714420318603516
2025-02-19,663.8933715820312,93.50360870361328,53.36898422241211
2025-02-20,668.3135375976562,93.9571533203125,53.4689826965332
2025-02-21,674.94384765625,94.44699096679688,52.83266067504883
2025-02-24,665.0464477539062,93.7757339477539,52.77812194824219
2025-02-25,657.4552612304688,94.42884063720703,52.24179458618164
2025-02-26,672.9259033203125,94.97309875488281,52.505409240722656
2025-02-27,666.00732421875,95.10009002685547,52.5599479675293
2025-02-28,667.7369995117188,94.66468811035156,52.523590087890625
2025-03-03,663.7972412109375,97.67625427246094,52.878108978271484
2025-03-04,641.3118896484375,99.145751953125,51.46003341674805
2025-03-05,638.3330688476562,98.69220733642578,50.8873405456543
2025-03-06,627.4747924804688,99.43602752685547,51.1964111328125
2025-03-07,609.89013671875,99.43602752685547,51.396400451660156
2025-03-10,605.6621704101562,99.30902862548828,51.26913833618164
2025-03-11,596.533447265625,97.45854949951172,51.03278732299805
2025-03-12,587.88525390625,96.09790802001953,51.478214263916016
2025-03-13,581.3511352539062,96.35188293457031,51.97817611694336
2025-03-14,581.4471435546875,96.35188293457031,52.25997543334961
2025-03-17,585.8673706054688,97.53111267089844,52.31451416015625
2025-03-18,586.1556396484375,97.63996124267578,52.69630813598633
2025-03-19,586.732177734375,97.9483871459961,53.45988845825195
2025-03-20,580.87060546875,96.333740234375,53.514427185058594
2025-03-21,578.9487915039062,96.00718688964844,53.08719253540039
2025-03-24,572.9911499023438,94.22927856445312,52.687217712402344
2025-03-25,574.9130249023438,94.08414459228516,53.95075988769531
2025-03-26,571.261474609375,92.03410339355469,55.6551513671875
2025-03-27,566.0725708007812,92.3969497680664,55.74728012084961
2025-03-28,564.1507568359375,93.79387664794922,54.54960250854492
2025-03-31,549.3527221679688,92.45136260986328,54.96418380737305
2025-04-01,552.6198120117188,92.54207611083984,54.80756759643555
2025-04-02,552.7160034179688,91.07257843017578,54.73386001586914
2025-04-03,521.6785888671875,90.45575714111328,52.1450309753418
2025-04-04,509.2827453613281,87.08135223388672,48.89287567138672
2025-04-07,487.75836181640625,82.91777801513672,46.331695556640625
2025-04-08,499.48150634765625,84.5233383178711,46.47909927368164
2025-04-09,478.9179992675781,78.69977569580078,44.45686721801758
2025-04-10,503.70947265625,80.77703094482422,45.6176872253418
2025-04-11,503.9017333984375,81.29407501220703,44.834598541259766
2025-04-14,509.3788146972656,83.34410858154297,46.26720428466797
2025-04-15,469.5491027832031,83.10826873779297,46.62650680541992
2025-04-16,466.2339782714844,81.99253845214844,47.61228942871094
2025-04-17,466.6183166503906,82.28280639648438,47.58464813232422
2025-04-22,468.2518615722656,82.69100952148438,47.787330627441406
2025-04-23,480.74371337890625,84.5777587890625,47.89788818359375
2025-04-24,487.47491455078125,84.67754364013672,48.0452880859375
2025-04-25,486.596923828125,83.77952575683594,48.60727310180664
2025-04-28,489.7186279296875,84.45076751708984,48.75468063354492
2025-04-29,477.3293151855469,85.47579193115234,48.22954559326172
2025-04-30,475.9635925292969,86.99064636230469,47.13321304321289
2025-05-02,483.7191162109375,88.8229751586914,46.8568229675293
2025-05-05,480.2071533203125,87.08135223388672,46.53437423706055
2025-05-06,477.1342468261719,86.89993286132812,47.04108428955078
2025-05-07,471.6712341308594,83.15361785888672,46.755489349365234
2025-05-08,475.37823486328125,83.23526763916016,47.03186798095703
2025-05-09,483.6215515136719,84.28749084472656,47.805755615234375
2025-05-12,517.5213623046875,86.3141860961914,48.89287567138672
2025-05-13,523.7648315429688,84.95989990234375,49.206119537353516
2025-05-14,512.35107421875,84.1359634399414,48.92972946166992
2025-05-15,494.8889465332031,85.11143493652344,48.69940948486328
2025-05-16,491.5721435546875,86.92976379394531,49.040287017822266
2025-05-19,486.4018249511719,87.37488555908203,48.71783447265625
2025-05-20,492.54766845703125,88.56816101074219,48.83760070800781
2025-05-21,481.5729064941406,88.7859878540039,48.20191192626953
2025-05-22,473.2320861816406,88.4639892578125,47.44645309448242
2025-05-23,467.2813415527344,87.26123046875,46.95817184448242
2025-05-26,471.6224670410156,87.87681579589844,47.704410552978516
2025-05-27,470.1103820800781,87.88629150390625,47.48330307006836
2025-05-28,471.81756591796875,87.7158203125,47.57543182373047
2025-05-29,469.4762878417969,87.10023498535156,47.3635368347168
2025-05-30,466.5496826171875,82.88585662841797,47.59385681152344
2025-06-02,465.525390625,81.36111450195312,48.53357696533203
2025-06-03,462.013427734375,82.17556762695312,48.85602951049805
2025-06-04,464.98883056640625,82.50704193115234,48.15584945678711
2025-06-05,458.5990905761719,82.8574447631836,47.787330627441406
2025-06-06,459.7209167480469,83.7287368774414,48.18348693847656
2025-06-09,460.0135803222656,82.83850860595703,48.21112060546875
2025-06-10,463.2328796386719,82.9521484375,49.371952056884766
2025-06-11,459.0868225097656,82.1187515258789,49.3350944519043
2025-06-12,457.379638671875,83.03739166259766,50.43143844604492
2025-06-13,450.1119079589844,82.20398712158203,50.4867057800293
2025-06-16,455.9163513183594,81.33269500732422,50.2287483215332
2025-06-17,449.4290466308594,80.35723114013672,51.14082717895508
2025-06-18,452.6970520019531,78.42524719238281,50.30244827270508
2025-06-19,441.4784240722656,78.71884155273438,51.378692626953125
2025-06-20,438.9420471191406,78.81354522705078,51.15408706665039
2025-06-23,438.7956848144531,78.6714859008789,50.798458099365234
2025-06-24,442.45391845703125,79.2302474975586,49.132633209228516
2025-06-25,433.9179992675781,77.90438079833984,48.92674255371094
2025-06-26,426.8453674316406,77.9422607421875,49.141990661621094
2025-06-27,438.30792236328125,78.1221923828125,49.151344299316406
2025-06-30,433.7229309082031,77.85702514648438,48.75828552246094
2025-07-01,457.5747375488281,78.6714859008789,48.99224853515625
2025-07-02,476.5489196777344,79.18289184570312,49.9561882019043
2025-07-03,474.01251220703125,78.10325622558594,49.94682693481445
2025-07-04,465.67169189453125,78.87983703613281,49.57248306274414
2025-07-07,463.7206115722656,78.07484436035156,48.468170166015625
2025-07-08,470.8420104980469,78.917724609375,49.45082473754883
2025-07-09,475.9148254394531,78.90824890136719,49.86259460449219
2025-07-10,492.6452331542969,79.70377349853516,50.0684928894043
2025-07-11,475.76849365234375,78.63360595703125,50.41475296020508
2025-07-14,467.81787109375,79.1166000366211,49.91875076293945
2025-07-15,465.67169189453125,78.32107543945312,50.04977035522461
2025-07-16,463.9645080566406,78.79460144042969,49.684783935546875
2025-07-17,465.1839294433594,79.1166000366211,49.57248306274414
2025-07-18,461.1842346191406,78.71884155273438,49.74094009399414
2025-07-21,457.3308410644531,77.9422607421875,49.469539642333984
2025-07-22,454.1603698730469,78.17902374267578,49.413387298583984
2025-07-23,468.2080993652344,80.1678237915039,49.91875076293945
2025-07-24,458.7453918457031,80.70764923095703,48.159332275390625
2025-07-25,476.7440490722656,80.60346984863281,48.03767395019531
2025-07-28,477.2318115234375,80.97281646728516,49.03904724121094
2025-07-29,463.18408203125,81.30428314208984,49.16070556640625
2025-07-30,468.988525390625,80.99176025390625,48.936100006103516
2025-07-31,460.7940368652344,74.66545867919922,48.683414459228516
2025-08-01,450.35577392578125,76.0860366821289,47.794349670410156
2025-08-04,450.9898986816406,77.65814208984375,48.27164077758789
2025-08-05,445.331787109375,77.68655395507812,48.57111740112305
2025-08-06,446.50244140625,75.4515151977539,49.132633209228516
2025-08-07,449.8192443847656,76.55956268310547,49.020328521728516
2025-08-08,450.0631408691406,76.6447982788086,49.32916259765625
2025-08-11,446.79510498046875,77.03308868408203,49.151344299316406
2025-08-12,445.96588134765625,77.32667541503906,49.7596549987793
2025-08-13,458.1112976074219,78.77566528320312,49.141990661621094
2025-08-14,461.3305358886719,79.1166000366211,49.19813919067383
2025-08-15,464.4522705078125,80.45193481445312,50.0404167175293
2025-08-18,464.2084045410156,81.048583984375,49.61927795410156
2025-08-19,477.9146423339844,81.910400390625,50.25566482543945
2025-08-20,481.4753723144531,82.42180633544922,50.5457763671875
2025-08-21,473.134521484375,82.83850860595703,50.80781936645508
2025-08-22,482.9874572753906,82.71538543701172,51.12601089477539
2025-08-25,476.1098937988281,81.69258117675781,50.630001068115234
2025-08-26,474.3539733886719,81.71151733398438,49.516326904296875
2025-08-27,489.7186279296875,81.95774841308594,49.797088623046875
2025-08-28,500.54705810546875,80.8402328491211,49.69414138793945
2025-08-29,491.7672424316406,80.01629638671875,50.0684928894043
2025-09-01,491.3770446777344,80.2057113647461,50.021697998046875
2025-09-02,500.44952392578125,80.03524017333984,50.09656524658203
2025-09-03,508.0586853027344,81.55998992919922,49.39466857910156
2025-09-04,486.88958740234375,74.77910614013672,49.37594985961914
2025-09-05,484.10931396484375,75.29051208496094,48.49624252319336
2025-09-08,484.0117492675781,74.94010162353516,48.57111740112305
2025-09-09,479.9632873535156,76.4932632446289,49.35723876953125
2025-09-10,477.768310546875,76.02921295166016,49.37594985961914
2025-09-11,475.4270324707031,76.46485900878906,48.84251022338867
2025-09-12,478.64630126953125,76.42697143554688,48.777000427246094
2025-09-15,491.86480712890625,75.29998779296875,49.207496643066406
2025-09-16,495.2792053222656,74.66545867919922,49.06711959838867
2025-09-17,498.79107666015625,75.23369598388672,48.41202163696289
2025-09-18,504.9369812011719,75.90609741210938,48.692771911621094
2025-09-19,498.1082458496094,76.1996841430664,48.26228332519531
2025-09-22,494.5963134765625,75.98186492919922,48.41202163696289
2025-09-23,510.4000244140625,75.06322479248047,49.02968215942383
2025-09-24,496.6449279785156,75.29051208496094,50.0684928894043
2025-09-25,494.40118408203125,73.41535186767578,49.9561882019043
2025-09-26,503.0834655761719,74.1729965209961,50.7703857421875
2025-09-29,510.30242919921875,74.13511657714844,49.6473503112793
2025-09-30,507.7660217285156,74.39082336425781,48.41202163696289
2025-10-01,511.1803894042969,80.66976165771484,49.08757400512695
2025-10-02,529.6181030273438,80.53717803955078,48.507164001464844
2025-10-03,539.5684204101562,82.20398712158203,48.58328628540039
2025-10-06,527.17919921875,81.23799133300781,48.821163177490234
2025-10-07,546.2996826171875,80.34776306152344,48.402496337890625
2025-10-08,561.4204711914062,80.11100006103516,48.640377044677734
2025-10-09,545.5192260742188,80.32882690429688,48.65940475463867
2025-10-10,532.6422119140625,78.92718505859375,47.574703216552734
2025-10-13,527.17919921875,79.70377349853516,47.427223205566406
2025-10-14,519.76513671875,79.49542236328125,47.81257629394531
2025-10-15,583.2724609375,79.81741333007812,49.58235549926758
2025-10-16,587.46728515625,81.75887298583984,50.02003860473633
2025-10-17,590.881591796875,81.85357666015625,50.15325164794922
2025-10-20,597.125,81.99563598632812,49.95343780517578
2025-10-21,601.7100219726562,81.72099304199219,50.09616470336914
2025-10-22,607.9534912109375,82.12821960449219,50.45772933959961
2025-10-23,605.6121826171875,82.0240478515625,51.47582244873047
2025-10-24,597.5152587890625,84.08861541748047,51.2950439453125
2025-10-27,596.5397338867188,83.46356201171875,51.161834716796875
2025-10-28,599.5639038085938,82.63015747070312,50.88589859008789
2025-10-29,603.6611328125,83.26467895507812,51.513885498046875
2025-10-30,595.1740112304688,83.40673828125,51.03813934326172
2025-10-31,597.125,82.96162414550781,51.33310317993164
2025-11-03,601.7100219726562,82.3365707397461,51.18086624145508
2025-11-04,596.2470703125,81.73992919921875,51.00008010864258
2025-11-05,597.8079223632812,80.71711730957031,51.07619857788086
2025-11-06,585.3211059570312,81.07699584960938,50.65754318237305
2025-11-07,588.4428100585938,80.91600036621094,50.98105239868164
2025-11-10,602.783203125,82.21345520019531,51.41873550415039
2025-11-11,617.4161987304688,84.33485412597656,52.65568161010742
2025-11-12,631.3663330078125,85.35765838623047,52.617618560791016
2025-11-13,621.2207641601562,85.65125274658203,53.464447021484375
2025-11-14,621.4158935546875,84.84625244140625,53.502506256103516
2025-11-17,608.7339477539062,85.13037109375,53.78795623779297
2025-11-18,596.3446044921875,82.94268798828125,52.77937698364258
2025-11-19,594.6862182617188,81.3895263671875,52.712772369384766
2025-11-20,604.4415893554688,80.80235290527344,52.969669342041016
2025-11-21,607.7584228515625,81.74939727783203,53.255123138427734
2025-11-24,606.4901733398438,81.39898681640625,53.17900085449219
2025-11-25,604.14892578125,81.8156967163086,53.44541931152344
2025-11-26,610.0996704101562,81.66416931152344,53.911651611328125
2025-11-27,612.05078125,81.34217071533203,53.71183776855469
2025-11-28,619.9525756835938,81.21905517578125,54.044864654541016
2025-12-01,626.9764404296875,82.0051040649414,53.959228515625
2025-12-02,625.9924926757812,81.5884017944336,53.7784423828125
2025-12-03,620.1871337890625,81.10540771484375,54.27322006225586
2025-12-04,622.9421997070312,80.0920639038086,54.406429290771484
2025-12-05,618.0223999023438,80.4992904663086,53.66426467895508
2025-12-08,615.1690063476562,79.17342376708984,53.58814239501953
2025-12-09,606.4117431640625,78.8230209350586,53.76892852783203
2025-12-10,608.8716430664062,78.30213928222656,53.112396240234375
2025-12-11,615.1690063476562,79.2113037109375,53.13142776489258
2025-12-12,614.480224609375,78.90824890136719,52.8935546875
2025-12-15,616.0545043945312,76.33226776123047,52.807918548583984
2025-12-16,626.2876586914062,76.6542739868164,51.856422424316406
2025-12-17,621.564697265625,77.77178955078125,52.45586395263672
2025-12-18,627.1732788085938,77.75284576416016,52.74131393432617
2025-12-19,621.564697265625,78.01802062988281,53.102882385253906
2025-12-22,617.62890625,77.26038360595703,53.2265739440918
2025-12-23,617.2352905273438,77.86649322509766,53.14094161987305
2025-12-24,621.958251953125,77.2887954711914,52.9125862121582
2025-12-29,623.0406494140625,77.88542938232422,53.2360954284668
2025-12-30,629.042724609375,78.60519409179688,53.66426467895508
2025-12-31,634.6513061523438,78.34001922607422,53.702903747558594
2026-01-02,631.5026245117188,77.96119689941406,54.19559097290039
2026-01-05,632.486572265625,76.89103698730469,53.896114349365234
2026-01-06,634.0609741210938,77.93278503417969,53.17157745361328
2026-01-07,619.2031860351562,78.3684310913086,51.693511962890625
2026-01-08,624.3197631835938,78.50101470947266,51.567928314208984
2026-01-09,641.6373291015625,79.96894836425781,53.24885940551758
2026-01-12,637.8983154296875,78.04643249511719,53.432411193847656
2026-01-13,636.2255859375,76.23756408691406,54.610992431640625
2026-01-14,627.6652221679688,78.17902374267578,55.12300491333008
2026-01-15,615.6609497070312,77.30773162841797,54.813873291015625
2026-01-16,599.4257202148438,76.50273895263672,54.871829986572266
2026-01-19,573.4492797851562,74.8075180053711,54.20525360107422
2026-01-20,560.8546142578125,73.89835357666016,54.96843719482422
2026-01-21,575.810791015625,74.24876403808594,55.789581298828125
2026-01-22,586.142333984375,75.53675079345703,55.29689407348633
2026-01-23,581.9113159179688,75.1105728149414,56.01177215576172
2026-01-26,578.5658569335938,75.650390625,56.900543212890625
2026-01-27,579.844970703125,75.52727508544922,57.32560348510742
2026-01-28,534.091064453125,73.43429565429688,57.963199615478516
2026-01-29,533.697509765625,72.9986572265625,58.75536346435547
2026-01-30,538.1253051757812,75.00640106201172,59.07416534423828
2026-02-02,529.6632080078125,76.1902084350586,58.571815490722656
2026-02-03,520.512451171875,76.78685760498047,59.39295959472656
2026-02-04,527.49853515625,77.50660705566406,60.436302185058594
2026-02-05,529.5648803710938,76.79632568359375,59.847007751464844
2026-02-06,527.596923828125,76.10498046875,60.45561981201172
2026-02-09,526.809814453125,76.03868865966797,60.50392150878906
2026-02-10,529.0728759765625,77.84754943847656,60.38799285888672
2026-02-11,516.6749877929688,78.18848419189453,62.039947509765625
2026-02-12,516.0846557617188,74.91169738769531,62.11723327636719
2026-02-13,505.9499206542969,73.51006317138672,62.194515228271484
2026-02-16,509.984130859375,73.27330017089844,61.98198699951172
2026-02-17,519.2333374023438,73.99305725097656,62.37806701660156
2026-02-18,525.3338623046875,73.60476684570312,63.12192153930664
2026-02-19,522.9723510742188,74.8169937133789,64.27153015136719
2026-02-20,545.8001098632812,75.36627960205078,63.21853256225586
2026-02-23,549.0471801757812,76.48380279541016,63.89476776123047
2026-02-24,552.7861938476562,76.34174346923828,64.455078125
2026-02-25,544.1273803710938,76.51221466064453,65.08301544189453
2026-02-26,542.7498168945312,76.59744262695312,65.25690460205078
2026-02-27,535.3701782226562,77.84754943847656,64.9960708618164
2026-03-02,512.1488647460938,77.13726043701172,67.00546264648438
2026-03-03,494.1424560546875,75.63145446777344,65.7882308959961
2026-03-04,499.2590026855469,75.0348129272461,64.59033203125
2026-03-05,497.6846923828125,73.61424255371094,64.50337219238281
2026-03-06,494.1424560546875,72.34518432617188,65.6916275024414
2026-03-09,489.71466064453125,71.7958984375,66.5514144897461
2026-03-10,496.4055480957031,72.26942443847656,66.40650177001953
2026-03-11,492.2729187011719,72.21260070800781,67.62373352050781
2026-03-12,487.0579833984375,72.46829986572266,68.0101547241211
2026-03-13,466.0997314453125,72.34518432617188,69.87464141845703
2026-03-16,471.314697265625,72.4588394165039,69.9422607421875
2026-03-17,464.6729736328125,72.81871032714844,71.95165252685547
2026-03-18,461.0323486328125,72.08948516845703,72.8597412109375
2026-03-19,452.8655090332031,74.01200103759766,75.92212677001953
2026-03-20,450.6024475097656,73.67105865478516,74.34746551513672
2026-03-23,459.1136474609375,72.76189422607422,73.42005157470703
2026-03-24,453.35748291015625,73.65211486816406,74.58898162841797
2026-03-25,454.93182373046875,75.82086181640625,74.2605209350586
2026-03-26,450.9468078613281,76.8531494140625,76.40515899658203
2026-03-27,448.4377136230469,77.64866638183594,75.82552337646484
2026-03-30,456.2109680175781,77.56343841552734,78.26964569091797
2026-03-31,455.6697998046875,78.34001922607422,78.99210357666016
2026-04-01,463.54144287109375,78.4820785522461,75.72151184082031
2026-04-02,463.4922180175781,78.20743560791016,77.53742218017578
2026-04-07,459.359619140625,76.24703979492188,77.38121795654297
2026-04-08,490.8462219238281,76.58797454833984,74.98928833007812
2026-04-09,476.1852722167969,76.63532257080078,77.00045776367188
2026-04-10,475.5456848144531,75.94398498535156,76.74662017822266
2026-04-13,474.02056884765625,75.20528411865234,77.77173614501953
2026-04-14,473.72540283203125,76.73002624511719,75.55553436279297
2026-04-15,474.16815185546875,76.81526947021484,74.86236572265625
2026-04-16,476.2836608886719,76.56903076171875,75.29194641113281
2026-04-17,491.3873596191406,77.67707824707031,71.33794403076172
2026-04-20,482.6793518066406,77.68655395507812,72.64618682861328
2026-04-21,478.2023620605469,76.73002624511719,73.25148010253906
2026-04-22,466.6900939941406,76.50273895263672,74.21800994873047
2026-04-23,467.5756530761719,77.43085479736328,74.78426361083984
2026-04-24,464.0826110839844,75.83980560302734,75.1747817993164
2026-04-27,459.95001220703125,74.7222900390625,74.98928833007812
2026-04-28,454.75,74.71281433105469,76.4146728515625
2026-04-29,448.45001220703125,74.1729965209961,76.3756332397461
2026-04-30,451.3999938964844,75.59357452392578,77.41050720214844
2026-05-04,444.95001220703125,73.68999481201172,76.78567504882812
2026-05-05,450.95001220703125,74.16000366210938,77.42027282714844
2026-05-06,474.0,74.63999938964844,74.93070983886719
2026-05-07,478.29998779296875,73.73999786376953,73.48579406738281
2026-05-08,472.70001220703125,73.0999984741211,74.00323486328125
2026-05-11,452.0,73.22000122070312,75.08692169189453
2026-05-12,453.04998779296875,73.36000061035156,76.44397735595703
2026-05-13,452.29998779296875,72.72000122070312,75.96558380126953
2026-05-14,460.8500061035156,73.23999786376953,76.42444610595703
2026-05-15,455.6000061035156,73.95999908447266,76.8149642944336
2026-05-18,456.25,74.33999633789062,78.36727142333984
2026-05-19,462.0,75.19999694824219,77.89865112304688
2026-05-20,473.79998779296875,76.66999816894531,77.72291564941406
2026-05-21,473.54998779296875,77.54000091552734,78.35751342773438
2026-05-22,472.6000061035156,76.87999725341797,76.78567504882812
2026-05-25,477.8999938964844,77.45999908447266,75.82890319824219
2026-05-26,469.20001220703125,76.31999969482422,76.3658676147461
2026-05-27,483.95001220703125,77.13999938964844,73.63223266601562
2026-05-28,480.95001220703125,76.36000061035156,73.63223266601562
2026-05-29,473.04998779296875,75.29000091552734,73.3979263305664
2026-06-01,469.79998779296875,74.16000366210938,74.5694808959961
2026-06-02,475.0,73.41999816894531,74.83308410644531
2026-06-03,460.8500061035156,73.5199966430664,75.74104309082031
2026-06-04,474.1000061035156,76.44000244140625,75.5457763671875
2026-06-05,479.04998779296875,77.94999694824219,75.53601837158203
2026-06-08,482.45001220703125,76.66999816894531,75.50672149658203
2026-06-09,492.29998779296875,77.04000091552734,74.6573486328125
2026-06-10,487.6499938964844,76.01000213623047,75.40909576416016
2026-06-11,493.20001220703125,76.30000305175781,76.15107727050781
2026-06-12,510.6000061035156,76.58999633789062,74.5694808959961
2026-06-15,512.5999755859375,75.54000091552734,71.26959991455078
2026-06-16,520.2999877929688,75.66000366210938,71.31842041015625
2026-06-17,511.0,74.87999725341797,70.49832916259766
2026-06-18,505.1000061035156,73.33999633789062,68.67265319824219
2026-06-19,499.25,74.13999938964844,69.3853530883789
2026-06-22,481.3500061035156,72.48999786376953,69.23889923095703
2026-06-23,483.70001220703125,73.47000122070312,69.13150787353516
2026-06-24,493.0,73.55000305175781,67.86233520507812
2026-06-25,494.3999938964844,73.76000213623047,67.62801361083984
2026-06-26,495.75,75.06999969482422,66.73958587646484
2026-06-29,492.29998779296875,75.5,67.34489440917969
2026-06-30,484.1000061035156,75.08000183105469,67.24604034423828
2026-07-01,481.0,73.05000305175781,65.16035461425781
2026-07-02,497.95001220703125,75.25,66.10929107666016
2026-07-03,495.70001220703125,75.80999755859375,66.16860961914062
2026-07-06,491.3999938964844,74.51000213623047,66.37619018554688
2026-07-07,495.79998779296875,75.77999877929688,66.9989242553711
2026-07-08,484.8999938964844,75.37000274658203,68.55083465576172
2026-07-09,492.95001220703125,76.4800033569336,68.02693939208984
2026-07-10,489.8999938964844,76.2300033569336,67.59201049804688
2026-07-13,491.5,77.0999984741211,69.60850524902344
2026-07-14,482.95001220703125,75.5,70.37950897216797
2026-07-15,495.79998779296875,76.26000213623047,69.82596588134766
2026-07-16,503.1000061035156,76.94000244140625,68.7880630493164
2026-07-17,495.1000061035156,77.33999633789062,69.69747161865234
2026-07-20,486.8500061035156,76.91000366210938,70.32020568847656
2026-07-21,478.54998779296875,76.75,71.97096252441406
2026-07-22,474.0,76.83999633789062,73.43390655517578
2026-07-23,453.54998779296875,76.36000061035156,75.3021240234375
2026-07-24,461.70001220703125,76.02999877929688,75.02535247802734
2026-07-27,466.79998779296875,77.79000091552734,73.52286529541016
2026-07-28,470.29998779296875,79.37999725341797,72.92977905273438
2026-07-29,467.95001220703125,79.91999816894531,74.95616149902344
2026-07-30,473.29998779296875,72.7699966430664,74.69915771484375
2026-07-31,475.1499938964844,74.47000122070312,75.53936004638672
2026-08-03,486.8999938964844,74.5,75.54924774169922
2026-08-04,485.0,74.38999938964844,73.39437103271484
2026-08-05,479.70001220703125,74.5,72.94955444335938
2026-08-06,481.45001220703125,74.30999755859375,73.6810302734375
2026-08-07,480.0,75.30999755859375,73.2362060546875
2026-08-10,482.45001220703125,75.52999877929688,74.66950225830078
2026-08-11,478.79998779296875,75.4000015258789,75.7073974609375
2026-08-12,464.95001220703125,75.41999816894531,74.65961456298828
2026-08-13,460.0,76.43000030517578,74.54100036621094
2026-08-14,458.3999938964844,75.5199966430664,74.90673828125
2026-08-17,446.0,76.66000366210938,75.05500793457031
2026-08-18,447.75,77.66999816894531,76.01383209228516
2026-08-19,456.0,78.55999755859375,76.76507568359375
2026-08-20,443.1000061035156,77.79000091552734,77.41746520996094
2026-08-21,452.5,78.94000244140625,76.547607421875
2026-08-24,459.3500061035156,78.27999877929688,75.10443878173828
2026-08-25,450.70001220703125,78.73999786376953,74.82765197753906
2026-08-26,453.79998779296875,78.29000091552734,74.4124984741211
2026-08-27,447.3999938964844,77.27999877929688,73.3152847290039
2026-08-28,458.1499938964844,77.25,73.80952453613281
2026-08-31,453.29998779296875,76.80999755859375,74.65961456298828
2026-09-01,445.0,76.86000061035156,76.71565246582031
2026-09-02,439.0,77.16000366210938,77.39769744873047
2026-09-03,431.04998779296875,76.2699966430664,77.12091827392578
2026-09-04,429.1000061035156,76.26000213623047,75.2230453491211
2026-09-07,431.20001220703125,75.69000244140625,76.40922546386719
2026-09-08,426.54998779296875,74.69999694824219,76.85403442382812
2026-09-09,411.25,74.23999786376953,77.30873107910156
2026-09-10,406.5,73.56999969482422,77.47677612304688
2026-09-11,415.29998779296875,73.26000213623047,77.86227416992188
2026-09-14,417.45001220703125,75.43000030517578,78.613525390625
2026-09-15,406.45001220703125,74.20999908447266,79.56246185302734
2026-09-16,410.95001220703125,74.3499984741211,79.10775756835938
2026-09-17,412.29998779296875,75.26000213623047,78.71236419677734
2026-09-18,402.79998779296875,74.05000305175781,78.40594482421875
2026-09-21,405.5,74.58999633789062,77.65470123291016
2026-09-22,401.95001220703125,74.38999938964844,77.24942779541016
2026-09-23,396.8999938964844,73.11000061035156,78.7024917602539
2026-09-24,397.1000061035156,72.0999984741211,80.11601257324219
2026-09-25,396.8500061035156,71.79000091552734,79.06822204589844
